# -*- coding: utf-8 -*-

# Resource object code
#
# Created by: The Resource Compiler for PyQt5 (Qt v5.15.13)
#
# WARNING! All changes made in this file will be lost!

from PyQt5 import QtCore

qt_resource_data = b"\
\x00\x00\x02\x6c\
\x89\
\x50\x4e\x47\x0d\x0a\x1a\x0a\x00\x00\x00\x0d\x49\x48\x44\x52\x00\
\x00\x00\x20\x00\x00\x00\x20\x08\x06\x00\x00\x00\x73\x7a\x7a\xf4\
\x00\x00\x00\x09\x70\x48\x59\x73\x00\x00\x0b\x13\x00\x00\x0b\x13\
\x01\x00\x9a\x9c\x18\x00\x00\x02\x1e\x49\x44\x41\x54\x78\x9c\xed\
\xd6\xc9\x6a\x15\x41\x14\x06\xe0\x2f\x31\xce\xc3\x22\xa2\xa0\x0b\
\x27\x50\x41\x34\x2a\x0a\x22\x31\xe2\x8d\x9b\x04\x83\x12\x41\x37\
\x46\x34\x06\x04\x05\x51\x9f\x40\x1c\x30\x22\xc2\x35\x0e\x41\x05\
\x15\x17\x71\xc2\x71\xa1\x6f\xa0\x08\x6e\x5d\xe8\xc6\x07\xf0\x29\
\xa4\xe0\x5c\x68\x8a\x48\x72\xaf\xb7\x43\x16\xf9\xa1\xa8\xae\x9f\
\xae\xee\xbf\x4e\x9d\x89\x19\x4c\x63\x6c\x8e\x79\x15\x16\x67\xdc\
\x0a\x2c\xcd\xb8\x76\xac\xcc\xb8\x45\x58\xdd\xa8\x80\x6a\xcc\x27\
\xb1\x2d\x9e\x6f\xc7\x7c\x08\x95\x8c\xdb\x8b\xc3\xd9\xde\x0e\x0c\
\xd5\xf3\xd3\x01\xdc\xc1\x0d\x7c\x8f\xf9\x13\x9e\x64\xdc\x5b\x3c\
\xcf\xb8\x31\xbc\xcb\xb8\xc7\xf8\x1c\xcf\x2f\x27\x23\xe0\x62\xc1\
\x64\xb5\x53\x9c\xc0\xd6\xec\xb4\x07\xb1\x2f\xe3\xba\xd0\x9f\xed\
\xdd\x82\x53\x19\x37\x69\x01\xed\x31\x2f\x41\x5b\xc6\x2d\xc0\xbc\
\x8c\x9b\x8b\x85\x19\xd7\x16\xfb\xeb\x12\x30\x86\x87\x25\x8c\xaf\
\xf5\x5a\xa0\xd9\xa8\xfb\x0a\x8a\xe8\xc1\x0b\xbc\x8f\x10\x4b\xf7\
\xfd\x1a\x6f\xb0\x0b\xdb\xc3\x01\x5f\x61\x3f\x36\xe0\x63\x58\x33\
\xf9\xcb\x7f\x0b\x18\xc0\x4e\x1c\x45\x67\x21\x0c\x7b\x62\x54\x82\
\xeb\x8c\x77\xd2\xbb\xc7\xc3\x09\x87\x9a\x21\xa0\x2b\xc2\x33\xdd\
\xe5\xfa\xf8\xc1\x7d\x8c\x46\x84\x6c\xc2\x03\xdc\xc3\x6e\xac\xc1\
\x23\x8c\xa0\xbb\x19\x02\x9a\x81\xba\x05\x3c\x8b\x13\x5f\x8a\x75\
\xcd\x9b\x87\x63\x3d\x12\xeb\x6a\x59\x02\xaa\x59\xa2\xa9\x4e\x30\
\x4f\x99\x05\xae\x17\x84\x8d\x67\x81\x16\x6c\x8c\x68\xe8\x88\x75\
\x43\x02\x1a\xc1\x60\x38\xdf\xb9\x48\xcb\x43\xe1\xbc\xe7\x71\xb7\
\x6c\x01\x37\x23\x14\xc7\x43\x8a\x9a\x1f\x98\x53\x96\x80\x41\xf4\
\x15\xd6\xc9\xec\xbd\x98\x5d\xe0\x52\x02\xbb\x52\x86\x80\x96\x28\
\xd7\x45\xa4\x8c\xf8\x0b\x5f\xd0\x9a\x59\xa9\x7d\x22\x01\xa3\x51\
\xbf\x27\x3b\x92\x23\x9e\xc9\xbe\xf3\x13\x4f\xb1\x2c\x13\x50\x29\
\x94\xec\xa6\x59\xa0\xbb\x90\xef\x8b\xdc\x6f\x7c\x2b\x94\x68\x91\
\x45\xcf\x4e\x24\xa0\x0f\x3b\xea\x18\x03\x59\xdb\x35\x0b\xd7\x70\
\x19\x1f\xc2\x01\x6b\xd8\x13\xb5\xe2\x9f\x58\x8b\x23\x0d\x8c\x64\
\xee\x22\xd2\xd5\xfc\x89\xb6\xad\xd6\xcc\x24\x5c\xc5\x72\x25\xe0\
\x74\x24\x9e\x22\x0e\x64\xeb\x74\xb5\xb7\x94\x84\xd6\xc8\x8c\xa9\
\x6a\x8e\x87\x75\x91\x59\x53\x9b\xae\x4c\x11\x17\xa2\x24\xf7\x87\
\x7f\xf4\x46\xe8\x0d\x47\x1f\x39\x25\x98\x1f\xd7\x71\x2c\x9a\x95\
\x5a\x53\x3a\x83\xe9\x89\xbf\x41\xb8\x83\x47\xc4\xe0\x53\xe4\x00\
\x00\x00\x00\x49\x45\x4e\x44\xae\x42\x60\x82\
\x00\x00\x06\xa1\
\x3c\
\x3f\x78\x6d\x6c\x20\x76\x65\x72\x73\x69\x6f\x6e\x3d\x22\x31\x2e\
\x30\x22\x20\x65\x6e\x63\x6f\x64\x69\x6e\x67\x3d\x22\x55\x54\x46\
\x2d\x38\x22\x20\x73\x74\x61\x6e\x64\x61\x6c\x6f\x6e\x65\x3d\x22\
\x6e\x6f\x22\x3f\x3e\x0a\x3c\x21\x2d\x2d\x20\x43\x72\x65\x61\x74\
\x65\x64\x20\x77\x69\x74\x68\x20\x49\x6e\x6b\x73\x63\x61\x70\x65\
\x20\x28\x68\x74\x74\x70\x3a\x2f\x2f\x77\x77\x77\x2e\x69\x6e\x6b\
\x73\x63\x61\x70\x65\x2e\x6f\x72\x67\x2f\x29\x20\x2d\x2d\x3e\x0a\
\x0a\x3c\x73\x76\x67\x0a\x20\x20\x20\x77\x69\x64\x74\x68\x3d\x22\
\x37\x36\x2e\x33\x37\x32\x37\x34\x32\x6d\x6d\x22\x0a\x20\x20\x20\
\x68\x65\x69\x67\x68\x74\x3d\x22\x31\x34\x35\x2e\x32\x31\x37\x30\
\x37\x6d\x6d\x22\x0a\x20\x20\x20\x76\x69\x65\x77\x42\x6f\x78\x3d\
\x22\x30\x20\x30\x20\x37\x36\x2e\x33\x37\x32\x37\x34\x32\x20\x31\
\x34\x35\x2e\x32\x31\x37\x30\x37\x22\x0a\x20\x20\x20\x76\x65\x72\
\x73\x69\x6f\x6e\x3d\x22\x31\x2e\x31\x22\x0a\x20\x20\x20\x69\x64\
\x3d\x22\x73\x76\x67\x35\x22\x0a\x20\x20\x20\x78\x6d\x6c\x3a\x73\
\x70\x61\x63\x65\x3d\x22\x70\x72\x65\x73\x65\x72\x76\x65\x22\x0a\
\x20\x20\x20\x73\x6f\x64\x69\x70\x6f\x64\x69\x3a\x64\x6f\x63\x6e\
\x61\x6d\x65\x3d\x22\x64\x72\x61\x77\x69\x6e\x67\x2e\x73\x76\x67\
\x22\x0a\x20\x20\x20\x69\x6e\x6b\x73\x63\x61\x70\x65\x3a\x76\x65\
\x72\x73\x69\x6f\x6e\x3d\x22\x31\x2e\x32\x2e\x32\x20\x28\x62\x30\
\x61\x38\x34\x38\x36\x35\x34\x31\x2c\x20\x32\x30\x32\x32\x2d\x31\
\x32\x2d\x30\x31\x29\x22\x0a\x20\x20\x20\x78\x6d\x6c\x6e\x73\x3a\
\x69\x6e\x6b\x73\x63\x61\x70\x65\x3d\x22\x68\x74\x74\x70\x3a\x2f\
\x2f\x77\x77\x77\x2e\x69\x6e\x6b\x73\x63\x61\x70\x65\x2e\x6f\x72\
\x67\x2f\x6e\x61\x6d\x65\x73\x70\x61\x63\x65\x73\x2f\x69\x6e\x6b\
\x73\x63\x61\x70\x65\x22\x0a\x20\x20\x20\x78\x6d\x6c\x6e\x73\x3a\
\x73\x6f\x64\x69\x70\x6f\x64\x69\x3d\x22\x68\x74\x74\x70\x3a\x2f\
\x2f\x73\x6f\x64\x69\x70\x6f\x64\x69\x2e\x73\x6f\x75\x72\x63\x65\
\x66\x6f\x72\x67\x65\x2e\x6e\x65\x74\x2f\x44\x54\x44\x2f\x73\x6f\
\x64\x69\x70\x6f\x64\x69\x2d\x30\x2e\x64\x74\x64\x22\x0a\x20\x20\
\x20\x78\x6d\x6c\x6e\x73\x3d\x22\x68\x74\x74\x70\x3a\x2f\x2f\x77\
\x77\x77\x2e\x77\x33\x2e\x6f\x72\x67\x2f\x32\x30\x30\x30\x2f\x73\
\x76\x67\x22\x0a\x20\x20\x20\x78\x6d\x6c\x6e\x73\x3a\x73\x76\x67\
\x3d\x22\x68\x74\x74\x70\x3a\x2f\x2f\x77\x77\x77\x2e\x77\x33\x2e\
\x6f\x72\x67\x2f\x32\x30\x30\x30\x2f\x73\x76\x67\x22\x3e\x3c\x73\
\x6f\x64\x69\x70\x6f\x64\x69\x3a\x6e\x61\x6d\x65\x64\x76\x69\x65\
\x77\x0a\x20\x20\x20\x20\x20\x69\x64\x3d\x22\x6e\x61\x6d\x65\x64\
\x76\x69\x65\x77\x31\x31\x39\x33\x22\x0a\x20\x20\x20\x20\x20\x70\
\x61\x67\x65\x63\x6f\x6c\x6f\x72\x3d\x22\x23\x66\x66\x66\x66\x66\
\x66\x22\x0a\x20\x20\x20\x20\x20\x62\x6f\x72\x64\x65\x72\x63\x6f\
\x6c\x6f\x72\x3d\x22\x23\x30\x30\x30\x30\x30\x30\x22\x0a\x20\x20\
\x20\x20\x20\x62\x6f\x72\x64\x65\x72\x6f\x70\x61\x63\x69\x74\x79\
\x3d\x22\x30\x2e\x32\x35\x22\x0a\x20\x20\x20\x20\x20\x69\x6e\x6b\
\x73\x63\x61\x70\x65\x3a\x73\x68\x6f\x77\x70\x61\x67\x65\x73\x68\
\x61\x64\x6f\x77\x3d\x22\x32\x22\x0a\x20\x20\x20\x20\x20\x69\x6e\
\x6b\x73\x63\x61\x70\x65\x3a\x70\x61\x67\x65\x6f\x70\x61\x63\x69\
\x74\x79\x3d\x22\x30\x2e\x30\x22\x0a\x20\x20\x20\x20\x20\x69\x6e\
\x6b\x73\x63\x61\x70\x65\x3a\x70\x61\x67\x65\x63\x68\x65\x63\x6b\
\x65\x72\x62\x6f\x61\x72\x64\x3d\x22\x30\x22\x0a\x20\x20\x20\x20\
\x20\x69\x6e\x6b\x73\x63\x61\x70\x65\x3a\x64\x65\x73\x6b\x63\x6f\
\x6c\x6f\x72\x3d\x22\x23\x64\x31\x64\x31\x64\x31\x22\x0a\x20\x20\
\x20\x20\x20\x69\x6e\x6b\x73\x63\x61\x70\x65\x3a\x64\x6f\x63\x75\
\x6d\x65\x6e\x74\x2d\x75\x6e\x69\x74\x73\x3d\x22\x6d\x6d\x22\x0a\
\x20\x20\x20\x20\x20\x73\x68\x6f\x77\x67\x72\x69\x64\x3d\x22\x66\
\x61\x6c\x73\x65\x22\x0a\x20\x20\x20\x20\x20\x69\x6e\x6b\x73\x63\
\x61\x70\x65\x3a\x7a\x6f\x6f\x6d\x3d\x22\x30\x2e\x36\x38\x39\x35\
\x32\x30\x32\x22\x0a\x20\x20\x20\x20\x20\x69\x6e\x6b\x73\x63\x61\
\x70\x65\x3a\x63\x78\x3d\x22\x31\x36\x35\x2e\x33\x33\x32\x33\x36\
\x22\x0a\x20\x20\x20\x20\x20\x69\x6e\x6b\x73\x63\x61\x70\x65\x3a\
\x63\x79\x3d\x22\x33\x32\x31\x2e\x39\x36\x33\x30\x31\x22\x0a\x20\
\x20\x20\x20\x20\x69\x6e\x6b\x73\x63\x61\x70\x65\x3a\x77\x69\x6e\
\x64\x6f\x77\x2d\x77\x69\x64\x74\x68\x3d\x22\x31\x36\x38\x30\x22\
\x0a\x20\x20\x20\x20\x20\x69\x6e\x6b\x73\x63\x61\x70\x65\x3a\x77\
\x69\x6e\x64\x6f\x77\x2d\x68\x65\x69\x67\x68\x74\x3d\x22\x31\x30\
\x31\x38\x22\x0a\x20\x20\x20\x20\x20\x69\x6e\x6b\x73\x63\x61\x70\
\x65\x3a\x77\x69\x6e\x64\x6f\x77\x2d\x78\x3d\x22\x30\x22\x0a\x20\
\x20\x20\x20\x20\x69\x6e\x6b\x73\x63\x61\x70\x65\x3a\x77\x69\x6e\
\x64\x6f\x77\x2d\x79\x3d\x22\x30\x22\x0a\x20\x20\x20\x20\x20\x69\
\x6e\x6b\x73\x63\x61\x70\x65\x3a\x77\x69\x6e\x64\x6f\x77\x2d\x6d\
\x61\x78\x69\x6d\x69\x7a\x65\x64\x3d\x22\x31\x22\x0a\x20\x20\x20\
\x20\x20\x69\x6e\x6b\x73\x63\x61\x70\x65\x3a\x63\x75\x72\x72\x65\
\x6e\x74\x2d\x6c\x61\x79\x65\x72\x3d\x22\x73\x76\x67\x35\x22\x20\
\x2f\x3e\x3c\x64\x65\x66\x73\x0a\x20\x20\x20\x20\x20\x69\x64\x3d\
\x22\x64\x65\x66\x73\x32\x22\x20\x2f\x3e\x3c\x67\x0a\x20\x20\x20\
\x20\x20\x69\x64\x3d\x22\x6c\x61\x79\x65\x72\x31\x22\x0a\x20\x20\
\x20\x20\x20\x74\x72\x61\x6e\x73\x66\x6f\x72\x6d\x3d\x22\x6d\x61\
\x74\x72\x69\x78\x28\x31\x2e\x30\x38\x33\x33\x39\x38\x2c\x30\x2c\
\x30\x2c\x31\x2e\x30\x38\x33\x33\x39\x38\x2c\x2d\x36\x36\x2e\x34\
\x33\x37\x34\x38\x32\x2c\x2d\x37\x33\x2e\x31\x34\x38\x37\x37\x36\
\x29\x22\x3e\x3c\x70\x61\x74\x68\x0a\x20\x20\x20\x20\x20\x20\x20\
\x73\x74\x79\x6c\x65\x3d\x22\x66\x69\x6c\x6c\x3a\x23\x30\x30\x30\
\x30\x30\x30\x3b\x73\x74\x72\x6f\x6b\x65\x2d\x77\x69\x64\x74\x68\
\x3a\x31\x2e\x36\x30\x38\x32\x38\x22\x0a\x20\x20\x20\x20\x20\x20\
\x20\x64\x3d\x22\x4d\x20\x39\x35\x2e\x30\x37\x33\x31\x37\x35\x2c\
\x31\x36\x37\x2e\x37\x37\x37\x38\x20\x36\x31\x2e\x33\x32\x33\x32\
\x34\x36\x2c\x31\x33\x33\x2e\x39\x39\x39\x31\x33\x20\x39\x35\x2e\
\x34\x35\x31\x37\x36\x39\x2c\x39\x39\x2e\x38\x37\x30\x36\x30\x37\
\x20\x43\x20\x31\x32\x32\x2e\x36\x36\x34\x36\x31\x2c\x37\x32\x2e\
\x36\x35\x37\x37\x37\x33\x20\x31\x32\x39\x2e\x39\x38\x35\x36\x36\
\x2c\x36\x36\x2e\x31\x34\x37\x34\x35\x20\x31\x33\x31\x2e\x35\x38\
\x30\x37\x35\x2c\x36\x37\x2e\x37\x34\x32\x35\x34\x31\x20\x63\x20\
\x31\x2e\x35\x39\x35\x30\x39\x2c\x31\x2e\x35\x39\x35\x30\x39\x33\
\x20\x2d\x34\x2e\x35\x30\x34\x37\x34\x2c\x38\x2e\x35\x31\x31\x37\
\x35\x39\x20\x2d\x33\x30\x2e\x31\x30\x32\x33\x2c\x33\x34\x2e\x31\
\x33\x33\x33\x33\x39\x20\x6c\x20\x2d\x33\x32\x2e\x31\x30\x32\x37\
\x35\x39\x2c\x33\x32\x2e\x31\x33\x32\x38\x38\x20\x33\x31\x2e\x39\
\x35\x34\x39\x36\x39\x2c\x33\x31\x2e\x39\x38\x34\x39\x34\x20\x63\
\x20\x32\x38\x2e\x30\x39\x31\x39\x36\x2c\x32\x38\x2e\x31\x31\x38\
\x33\x35\x20\x33\x34\x2e\x30\x38\x32\x36\x35\x2c\x33\x35\x2e\x35\
\x36\x32\x37\x35\x20\x32\x38\x2e\x36\x31\x38\x31\x31\x2c\x33\x35\
\x2e\x35\x36\x32\x37\x35\x20\x2d\x30\x2e\x36\x31\x39\x31\x32\x2c\
\x30\x20\x2d\x31\x36\x2e\x33\x31\x33\x31\x33\x2c\x2d\x31\x35\x2e\
\x32\x30\x30\x33\x39\x20\x2d\x33\x34\x2e\x38\x37\x35\x35\x39\x35\
\x2c\x2d\x33\x33\x2e\x37\x37\x38\x36\x35\x20\x7a\x22\x0a\x20\x20\
\x20\x20\x20\x20\x20\x69\x64\x3d\x22\x70\x61\x74\x68\x32\x33\x30\
\x38\x22\x20\x2f\x3e\x3c\x2f\x67\x3e\x3c\x2f\x73\x76\x67\x3e\x0a\
\
\x00\x00\x0a\x96\
\x3c\
\x3f\x78\x6d\x6c\x20\x76\x65\x72\x73\x69\x6f\x6e\x3d\x22\x31\x2e\
\x30\x22\x20\x65\x6e\x63\x6f\x64\x69\x6e\x67\x3d\x22\x55\x54\x46\
\x2d\x38\x22\x20\x73\x74\x61\x6e\x64\x61\x6c\x6f\x6e\x65\x3d\x22\
\x6e\x6f\x22\x3f\x3e\x0a\x3c\x21\x2d\x2d\x20\x43\x72\x65\x61\x74\
\x65\x64\x20\x77\x69\x74\x68\x20\x49\x6e\x6b\x73\x63\x61\x70\x65\
\x20\x28\x68\x74\x74\x70\x3a\x2f\x2f\x77\x77\x77\x2e\x69\x6e\x6b\
\x73\x63\x61\x70\x65\x2e\x6f\x72\x67\x2f\x29\x20\x2d\x2d\x3e\x0a\
\x0a\x3c\x73\x76\x67\x0a\x20\x20\x20\x77\x69\x64\x74\x68\x3d\x22\
\x39\x2e\x33\x33\x36\x37\x37\x34\x38\x6d\x6d\x22\x0a\x20\x20\x20\
\x68\x65\x69\x67\x68\x74\x3d\x22\x31\x30\x2e\x32\x39\x33\x38\x37\
\x32\x6d\x6d\x22\x0a\x20\x20\x20\x76\x69\x65\x77\x42\x6f\x78\x3d\
\x22\x30\x20\x30\x20\x39\x2e\x33\x33\x36\x37\x37\x34\x38\x20\x31\
\x30\x2e\x32\x39\x33\x38\x37\x32\x22\x0a\x20\x20\x20\x76\x65\x72\
\x73\x69\x6f\x6e\x3d\x22\x31\x2e\x31\x22\x0a\x20\x20\x20\x69\x64\
\x3d\x22\x73\x76\x67\x35\x22\x0a\x20\x20\x20\x78\x6d\x6c\x3a\x73\
\x70\x61\x63\x65\x3d\x22\x70\x72\x65\x73\x65\x72\x76\x65\x22\x0a\
\x20\x20\x20\x69\x6e\x6b\x73\x63\x61\x70\x65\x3a\x76\x65\x72\x73\
\x69\x6f\x6e\x3d\x22\x31\x2e\x32\x2e\x32\x20\x28\x62\x30\x61\x38\
\x34\x38\x36\x35\x34\x31\x2c\x20\x32\x30\x32\x32\x2d\x31\x32\x2d\
\x30\x31\x29\x22\x0a\x20\x20\x20\x73\x6f\x64\x69\x70\x6f\x64\x69\
\x3a\x64\x6f\x63\x6e\x61\x6d\x65\x3d\x22\x6e\x6f\x74\x69\x66\x69\
\x63\x61\x74\x69\x6f\x6e\x2e\x73\x76\x67\x22\x0a\x20\x20\x20\x78\
\x6d\x6c\x6e\x73\x3a\x69\x6e\x6b\x73\x63\x61\x70\x65\x3d\x22\x68\
\x74\x74\x70\x3a\x2f\x2f\x77\x77\x77\x2e\x69\x6e\x6b\x73\x63\x61\
\x70\x65\x2e\x6f\x72\x67\x2f\x6e\x61\x6d\x65\x73\x70\x61\x63\x65\
\x73\x2f\x69\x6e\x6b\x73\x63\x61\x70\x65\x22\x0a\x20\x20\x20\x78\
\x6d\x6c\x6e\x73\x3a\x73\x6f\x64\x69\x70\x6f\x64\x69\x3d\x22\x68\
\x74\x74\x70\x3a\x2f\x2f\x73\x6f\x64\x69\x70\x6f\x64\x69\x2e\x73\
\x6f\x75\x72\x63\x65\x66\x6f\x72\x67\x65\x2e\x6e\x65\x74\x2f\x44\
\x54\x44\x2f\x73\x6f\x64\x69\x70\x6f\x64\x69\x2d\x30\x2e\x64\x74\
\x64\x22\x0a\x20\x20\x20\x78\x6d\x6c\x6e\x73\x3d\x22\x68\x74\x74\
\x70\x3a\x2f\x2f\x77\x77\x77\x2e\x77\x33\x2e\x6f\x72\x67\x2f\x32\
\x30\x30\x30\x2f\x73\x76\x67\x22\x0a\x20\x20\x20\x78\x6d\x6c\x6e\
\x73\x3a\x73\x76\x67\x3d\x22\x68\x74\x74\x70\x3a\x2f\x2f\x77\x77\
\x77\x2e\x77\x33\x2e\x6f\x72\x67\x2f\x32\x30\x30\x30\x2f\x73\x76\
\x67\x22\x3e\x3c\x73\x6f\x64\x69\x70\x6f\x64\x69\x3a\x6e\x61\x6d\
\x65\x64\x76\x69\x65\x77\x0a\x20\x20\x20\x20\x20\x69\x64\x3d\x22\
\x6e\x61\x6d\x65\x64\x76\x69\x65\x77\x37\x22\x0a\x20\x20\x20\x20\
\x20\x70\x61\x67\x65\x63\x6f\x6c\x6f\x72\x3d\x22\x23\x66\x66\x66\
\x66\x66\x66\x22\x0a\x20\x20\x20\x20\x20\x62\x6f\x72\x64\x65\x72\
\x63\x6f\x6c\x6f\x72\x3d\x22\x23\x30\x30\x30\x30\x30\x30\x22\x0a\
\x20\x20\x20\x20\x20\x62\x6f\x72\x64\x65\x72\x6f\x70\x61\x63\x69\
\x74\x79\x3d\x22\x30\x2e\x32\x35\x22\x0a\x20\x20\x20\x20\x20\x69\
\x6e\x6b\x73\x63\x61\x70\x65\x3a\x73\x68\x6f\x77\x70\x61\x67\x65\
\x73\x68\x61\x64\x6f\x77\x3d\x22\x32\x22\x0a\x20\x20\x20\x20\x20\
\x69\x6e\x6b\x73\x63\x61\x70\x65\x3a\x70\x61\x67\x65\x6f\x70\x61\
\x63\x69\x74\x79\x3d\x22\x30\x2e\x30\x22\x0a\x20\x20\x20\x20\x20\
\x69\x6e\x6b\x73\x63\x61\x70\x65\x3a\x70\x61\x67\x65\x63\x68\x65\
\x63\x6b\x65\x72\x62\x6f\x61\x72\x64\x3d\x22\x30\x22\x0a\x20\x20\
\x20\x20\x20\x69\x6e\x6b\x73\x63\x61\x70\x65\x3a\x64\x65\x73\x6b\
\x63\x6f\x6c\x6f\x72\x3d\x22\x23\x64\x31\x64\x31\x64\x31\x22\x0a\
\x20\x20\x20\x20\x20\x69\x6e\x6b\x73\x63\x61\x70\x65\x3a\x64\x6f\
\x63\x75\x6d\x65\x6e\x74\x2d\x75\x6e\x69\x74\x73\x3d\x22\x6d\x6d\
\x22\x0a\x20\x20\x20\x20\x20\x73\x68\x6f\x77\x67\x72\x69\x64\x3d\
\x22\x66\x61\x6c\x73\x65\x22\x0a\x20\x20\x20\x20\x20\x69\x6e\x6b\
\x73\x63\x61\x70\x65\x3a\x7a\x6f\x6f\x6d\x3d\x22\x32\x2e\x33\x37\
\x38\x36\x30\x38\x38\x22\x0a\x20\x20\x20\x20\x20\x69\x6e\x6b\x73\
\x63\x61\x70\x65\x3a\x63\x78\x3d\x22\x32\x30\x2e\x36\x30\x30\x32\
\x37\x37\x22\x0a\x20\x20\x20\x20\x20\x69\x6e\x6b\x73\x63\x61\x70\
\x65\x3a\x63\x79\x3d\x22\x35\x38\x2e\x30\x31\x37\x31\x30\x36\x22\
\x0a\x20\x20\x20\x20\x20\x69\x6e\x6b\x73\x63\x61\x70\x65\x3a\x77\
\x69\x6e\x64\x6f\x77\x2d\x77\x69\x64\x74\x68\x3d\x22\x31\x39\x32\
\x30\x22\x0a\x20\x20\x20\x20\x20\x69\x6e\x6b\x73\x63\x61\x70\x65\
\x3a\x77\x69\x6e\x64\x6f\x77\x2d\x68\x65\x69\x67\x68\x74\x3d\x22\
\x31\x30\x35\x30\x22\x0a\x20\x20\x20\x20\x20\x69\x6e\x6b\x73\x63\
\x61\x70\x65\x3a\x77\x69\x6e\x64\x6f\x77\x2d\x78\x3d\x22\x31\x39\
\x32\x30\x22\x0a\x20\x20\x20\x20\x20\x69\x6e\x6b\x73\x63\x61\x70\
\x65\x3a\x77\x69\x6e\x64\x6f\x77\x2d\x79\x3d\x22\x30\x22\x0a\x20\
\x20\x20\x20\x20\x69\x6e\x6b\x73\x63\x61\x70\x65\x3a\x77\x69\x6e\
\x64\x6f\x77\x2d\x6d\x61\x78\x69\x6d\x69\x7a\x65\x64\x3d\x22\x31\
\x22\x0a\x20\x20\x20\x20\x20\x69\x6e\x6b\x73\x63\x61\x70\x65\x3a\
\x63\x75\x72\x72\x65\x6e\x74\x2d\x6c\x61\x79\x65\x72\x3d\x22\x6c\
\x61\x79\x65\x72\x31\x22\x20\x2f\x3e\x3c\x64\x65\x66\x73\x0a\x20\
\x20\x20\x20\x20\x69\x64\x3d\x22\x64\x65\x66\x73\x32\x22\x20\x2f\
\x3e\x3c\x67\x0a\x20\x20\x20\x20\x20\x69\x6e\x6b\x73\x63\x61\x70\
\x65\x3a\x6c\x61\x62\x65\x6c\x3d\x22\x4c\x61\x79\x65\x72\x20\x31\
\x22\x0a\x20\x20\x20\x20\x20\x69\x6e\x6b\x73\x63\x61\x70\x65\x3a\
\x67\x72\x6f\x75\x70\x6d\x6f\x64\x65\x3d\x22\x6c\x61\x79\x65\x72\
\x22\x0a\x20\x20\x20\x20\x20\x69\x64\x3d\x22\x6c\x61\x79\x65\x72\
\x31\x22\x0a\x20\x20\x20\x20\x20\x74\x72\x61\x6e\x73\x66\x6f\x72\
\x6d\x3d\x22\x74\x72\x61\x6e\x73\x6c\x61\x74\x65\x28\x2d\x39\x39\
\x2e\x36\x38\x31\x37\x32\x39\x2c\x2d\x38\x38\x2e\x36\x36\x32\x35\
\x33\x31\x29\x22\x3e\x3c\x70\x61\x74\x68\x0a\x20\x20\x20\x20\x20\
\x20\x20\x73\x74\x79\x6c\x65\x3d\x22\x66\x69\x6c\x6c\x3a\x23\x30\
\x30\x30\x30\x30\x30\x3b\x73\x74\x72\x6f\x6b\x65\x2d\x77\x69\x64\
\x74\x68\x3a\x30\x2e\x32\x36\x34\x35\x38\x33\x22\x0a\x20\x20\x20\
\x20\x20\x20\x20\x64\x3d\x22\x6d\x20\x31\x30\x33\x2e\x32\x38\x38\
\x31\x33\x2c\x39\x38\x2e\x34\x32\x37\x32\x34\x32\x20\x63\x20\x2d\
\x30\x2e\x32\x39\x31\x30\x34\x2c\x2d\x30\x2e\x32\x39\x31\x30\x34\
\x32\x20\x2d\x30\x2e\x35\x32\x39\x31\x37\x2c\x2d\x30\x2e\x36\x34\
\x38\x32\x33\x20\x2d\x30\x2e\x35\x32\x39\x31\x37\x2c\x2d\x30\x2e\
\x37\x39\x33\x37\x35\x20\x30\x2c\x2d\x30\x2e\x31\x34\x35\x35\x32\
\x31\x20\x2d\x30\x2e\x35\x38\x30\x37\x33\x2c\x2d\x30\x2e\x32\x36\
\x34\x35\x38\x34\x20\x2d\x31\x2e\x32\x39\x30\x35\x32\x2c\x2d\x30\
\x2e\x32\x36\x34\x35\x38\x34\x20\x2d\x31\x2e\x37\x32\x36\x33\x34\
\x33\x2c\x30\x20\x2d\x32\x2e\x31\x31\x31\x34\x35\x31\x2c\x2d\x30\
\x2e\x34\x34\x38\x30\x35\x31\x20\x2d\x31\x2e\x35\x34\x30\x32\x36\
\x34\x2c\x2d\x31\x2e\x37\x39\x32\x30\x31\x36\x20\x30\x2e\x32\x33\
\x30\x35\x30\x34\x2c\x2d\x30\x2e\x35\x34\x32\x33\x36\x20\x30\x2e\
\x34\x36\x33\x34\x32\x34\x2c\x2d\x31\x2e\x37\x33\x31\x38\x34\x39\
\x20\x30\x2e\x35\x31\x37\x36\x30\x34\x2c\x2d\x32\x2e\x36\x34\x33\
\x33\x31\x20\x30\x2e\x31\x30\x39\x31\x39\x2c\x2d\x31\x2e\x38\x33\
\x36\x39\x34\x36\x20\x30\x2e\x35\x39\x32\x37\x35\x2c\x2d\x32\x2e\
\x37\x31\x31\x35\x39\x38\x20\x32\x2e\x30\x34\x35\x39\x31\x2c\x2d\
\x33\x2e\x37\x30\x30\x36\x31\x31\x20\x31\x2e\x30\x39\x39\x35\x38\
\x2c\x2d\x30\x2e\x37\x34\x38\x33\x36\x39\x20\x32\x2e\x34\x31\x34\
\x33\x37\x2c\x2d\x30\x2e\x37\x36\x30\x37\x37\x31\x20\x33\x2e\x37\
\x30\x35\x37\x39\x2c\x2d\x30\x2e\x30\x33\x34\x39\x36\x20\x31\x2e\
\x33\x37\x37\x31\x32\x2c\x30\x2e\x37\x37\x33\x39\x38\x33\x20\x32\
\x2e\x31\x31\x37\x37\x33\x2c\x32\x2e\x31\x38\x33\x36\x32\x34\x20\
\x32\x2e\x31\x31\x37\x37\x33\x2c\x34\x2e\x30\x33\x30\x37\x35\x33\
\x20\x30\x2c\x30\x2e\x38\x33\x30\x31\x20\x30\x2e\x31\x39\x32\x35\
\x33\x2c\x31\x2e\x38\x38\x30\x30\x38\x31\x20\x30\x2e\x34\x33\x39\
\x38\x32\x2c\x32\x2e\x33\x39\x38\x36\x36\x33\x20\x30\x2e\x36\x30\
\x36\x35\x35\x2c\x31\x2e\x32\x37\x31\x39\x34\x39\x20\x30\x2e\x31\
\x39\x33\x38\x39\x2c\x31\x2e\x37\x34\x31\x34\x37\x36\x20\x2d\x31\
\x2e\x35\x33\x30\x35\x35\x2c\x31\x2e\x37\x34\x31\x34\x37\x36\x20\
\x2d\x30\x2e\x37\x30\x39\x37\x38\x2c\x30\x20\x2d\x31\x2e\x32\x39\
\x30\x35\x32\x2c\x30\x2e\x31\x31\x39\x30\x36\x33\x20\x2d\x31\x2e\
\x32\x39\x30\x35\x32\x2c\x30\x2e\x32\x36\x34\x35\x38\x34\x20\x30\
\x2c\x30\x2e\x34\x35\x39\x33\x37\x31\x20\x2d\x31\x2e\x30\x33\x36\
\x32\x35\x2c\x31\x2e\x33\x32\x32\x39\x31\x36\x20\x2d\x31\x2e\x35\
\x38\x37\x35\x2c\x31\x2e\x33\x32\x32\x39\x31\x36\x20\x2d\x30\x2e\
\x32\x39\x31\x30\x34\x2c\x30\x20\x2d\x30\x2e\x37\x36\x37\x32\x39\
\x2c\x2d\x30\x2e\x32\x33\x38\x31\x32\x35\x20\x2d\x31\x2e\x30\x35\
\x38\x33\x33\x2c\x2d\x30\x2e\x35\x32\x39\x31\x36\x36\x20\x7a\x20\
\x6d\x20\x31\x2e\x37\x38\x37\x32\x36\x2c\x2d\x30\x2e\x37\x32\x37\
\x36\x30\x35\x20\x63\x20\x30\x2e\x30\x37\x31\x33\x2c\x2d\x30\x2e\
\x32\x31\x36\x36\x32\x34\x20\x2d\x30\x2e\x31\x37\x32\x35\x34\x2c\
\x2d\x30\x2e\x33\x33\x30\x37\x32\x39\x20\x2d\x30\x2e\x37\x30\x36\
\x38\x38\x2c\x2d\x30\x2e\x33\x33\x30\x37\x32\x39\x20\x2d\x30\x2e\
\x37\x38\x36\x30\x35\x2c\x30\x20\x2d\x31\x2e\x30\x32\x31\x33\x36\
\x2c\x30\x2e\x32\x33\x35\x34\x31\x31\x20\x2d\x30\x2e\x36\x32\x38\
\x32\x35\x2c\x30\x2e\x36\x32\x38\x35\x32\x32\x20\x30\x2e\x32\x38\
\x34\x32\x2c\x30\x2e\x32\x38\x34\x31\x39\x39\x20\x31\x2e\x32\x31\
\x31\x35\x39\x2c\x30\x2e\x30\x37\x37\x33\x35\x20\x31\x2e\x33\x33\
\x35\x31\x33\x2c\x2d\x30\x2e\x32\x39\x37\x37\x39\x33\x20\x7a\x20\
\x6d\x20\x33\x2e\x32\x33\x39\x38\x32\x2c\x2d\x31\x2e\x32\x37\x34\
\x31\x36\x34\x20\x63\x20\x30\x2c\x2d\x30\x2e\x30\x38\x32\x33\x33\
\x20\x2d\x30\x2e\x31\x34\x34\x31\x37\x2c\x2d\x30\x2e\x34\x30\x39\
\x37\x34\x39\x20\x2d\x30\x2e\x33\x32\x30\x33\x39\x2c\x2d\x30\x2e\
\x37\x32\x37\x36\x30\x34\x20\x2d\x30\x2e\x31\x37\x36\x32\x32\x2c\
\x2d\x30\x2e\x33\x31\x37\x38\x35\x36\x20\x2d\x30\x2e\x33\x39\x35\
\x36\x32\x2c\x2d\x31\x2e\x34\x34\x39\x38\x38\x31\x20\x2d\x30\x2e\
\x34\x38\x37\x35\x37\x2c\x2d\x32\x2e\x35\x31\x35\x36\x31\x32\x20\
\x2d\x30\x2e\x31\x34\x37\x38\x38\x2c\x2d\x31\x2e\x37\x31\x34\x30\
\x32\x31\x20\x2d\x30\x2e\x32\x36\x34\x31\x39\x2c\x2d\x32\x2e\x30\
\x33\x34\x37\x30\x36\x20\x2d\x31\x2e\x30\x30\x37\x36\x31\x2c\x2d\
\x32\x2e\x37\x37\x38\x31\x32\x35\x20\x2d\x31\x2e\x32\x31\x36\x35\
\x38\x2c\x2d\x31\x2e\x32\x31\x36\x35\x37\x37\x20\x2d\x33\x2e\x30\
\x38\x39\x37\x37\x2c\x2d\x31\x2e\x32\x31\x36\x35\x37\x37\x20\x2d\
\x34\x2e\x33\x30\x36\x33\x35\x2c\x30\x20\x2d\x30\x2e\x37\x34\x33\
\x34\x32\x2c\x30\x2e\x37\x34\x33\x34\x31\x39\x20\x2d\x30\x2e\x38\
\x35\x39\x37\x33\x2c\x31\x2e\x30\x36\x34\x31\x30\x34\x20\x2d\x31\
\x2e\x30\x30\x37\x36\x31\x2c\x32\x2e\x37\x37\x38\x31\x32\x35\x20\
\x2d\x30\x2e\x30\x39\x32\x2c\x31\x2e\x30\x36\x35\x37\x33\x31\x20\
\x2d\x30\x2e\x33\x31\x31\x33\x36\x2c\x32\x2e\x31\x39\x37\x37\x35\
\x36\x20\x2d\x30\x2e\x34\x38\x37\x35\x37\x2c\x32\x2e\x35\x31\x35\
\x36\x31\x32\x20\x2d\x30\x2e\x31\x37\x36\x32\x32\x2c\x30\x2e\x33\
\x31\x37\x38\x35\x35\x20\x2d\x30\x2e\x33\x32\x30\x34\x2c\x30\x2e\
\x36\x34\x35\x32\x37\x36\x20\x2d\x30\x2e\x33\x32\x30\x34\x2c\x30\
\x2e\x37\x32\x37\x36\x30\x34\x20\x30\x2c\x30\x2e\x30\x38\x32\x33\
\x33\x20\x31\x2e\x37\x38\x35\x39\x34\x2c\x30\x2e\x31\x34\x39\x36\
\x38\x35\x20\x33\x2e\x39\x36\x38\x37\x35\x2c\x30\x2e\x31\x34\x39\
\x36\x38\x35\x20\x32\x2e\x31\x38\x32\x38\x32\x2c\x30\x20\x33\x2e\
\x39\x36\x38\x37\x35\x2c\x2d\x30\x2e\x30\x36\x37\x33\x36\x20\x33\
\x2e\x39\x36\x38\x37\x35\x2c\x2d\x30\x2e\x31\x34\x39\x36\x38\x35\
\x20\x7a\x22\x0a\x20\x20\x20\x20\x20\x20\x20\x69\x64\x3d\x22\x70\
\x61\x74\x68\x31\x37\x39\x22\x20\x2f\x3e\x3c\x2f\x67\x3e\x3c\x2f\
\x73\x76\x67\x3e\x0a\
\x00\x00\x02\x66\
\x89\
\x50\x4e\x47\x0d\x0a\x1a\x0a\x00\x00\x00\x0d\x49\x48\x44\x52\x00\
\x00\x00\x20\x00\x00\x00\x20\x08\x06\x00\x00\x00\x73\x7a\x7a\xf4\
\x00\x00\x00\x09\x70\x48\x59\x73\x00\x00\x0b\x13\x00\x00\x0b\x13\
\x01\x00\x9a\x9c\x18\x00\x00\x02\x18\x49\x44\x41\x54\x78\x9c\xbd\
\xd7\x4f\x88\x4d\x71\x14\x07\xf0\xcf\x53\x53\xde\x8c\x92\x24\x2c\
\x28\xb2\xb6\x65\x16\x92\x8c\xa2\x6c\x26\x36\x94\x64\x94\xb5\x31\
\x63\xac\x4c\x21\xa5\x88\x89\xa6\x64\xb2\xc2\x42\x36\x6a\x4a\x64\
\xb2\x18\x6c\x30\x25\x94\x29\x2c\x24\x16\x44\xfe\xd4\xbc\x85\xe1\
\xe9\x57\x67\xf1\x7a\xa6\xe7\xb9\xf7\xbe\xf7\xad\x5b\xf7\xfe\x7e\
\xe7\x7c\xcf\xf7\xde\xdf\xfd\x9d\x73\x7e\x64\x47\x3f\x3e\xe0\x3d\
\x0e\x6a\x33\xb6\xe0\x67\x04\xee\x8f\xfb\x9e\x76\x0a\x38\x8e\x07\
\x35\xcf\x0f\x71\xac\x5d\xc1\x57\xe2\x1a\x66\xb0\x03\x3b\x51\xc1\
\x55\xac\x68\x65\xe0\x05\xb8\x18\x9f\xfb\x2d\x6e\x63\x36\x9e\xc7\
\xf1\x3a\xee\x47\xd1\x55\x74\xf0\x25\x78\x8e\x37\xd8\x8e\x52\x8c\
\xa7\x40\x9d\x35\x76\x5b\xf1\x0a\x4f\xb1\xb8\xa8\xe0\xf3\x30\x89\
\xc7\x58\xd8\x84\x7d\xb2\x79\x84\x7b\x35\x42\x73\x61\x1f\xbe\xc5\
\xda\x37\x8b\x64\xfb\x1d\x7b\x8a\x10\x30\x85\xd3\x19\xfc\xce\xc4\
\x97\xc8\xbd\xf6\xbf\xb1\x2e\x83\x6f\x77\xf8\x26\x8e\xcc\xd8\x88\
\x2a\xca\x19\x7c\xbb\xc2\x77\x43\x1e\x01\xbd\xb1\xdf\xb3\x62\x26\
\x38\x32\x63\x3f\xde\xe5\xf0\x4f\x75\xa2\x2f\x8f\x80\x41\x3c\xcb\
\xe1\xff\x02\x87\xf2\x08\x38\x19\x39\x20\x2b\xee\xe3\x44\x1e\x01\
\xe3\xb8\x94\xc3\xff\x32\x6e\x66\x75\x2e\xe1\x13\xf6\xe6\x10\xd0\
\x17\x1c\x99\x32\x62\x77\xec\xe3\xd5\x39\x04\xac\x89\xad\x98\x25\
\x8f\xb8\x81\x3b\xf2\xe3\x2e\xae\xff\xaf\xd3\x36\xfc\xc2\xa6\x02\
\x04\x6c\x0e\xae\x54\x29\x9b\xc2\x7a\x7c\xc1\x79\xc5\xe1\x02\x3e\
\x07\xf7\x3f\x7f\x9a\x0a\xae\xa0\xa3\x40\x01\x1d\xd1\x31\x55\x1a\
\x25\xa6\x9e\xe8\x70\x06\x8b\xaa\xe3\x75\x28\x05\xf7\x6c\x2c\xcb\
\x5f\xd8\x1d\x35\x7c\xb9\xd6\x21\x71\xff\xc0\xae\xb9\x26\xcb\x91\
\xb9\x3e\xe2\x28\xd6\x16\x18\x38\x71\x0d\x07\xf7\x64\xa3\xea\xda\
\x89\xa1\x68\x30\xab\xb1\x66\xd3\xb1\x1d\xc7\x70\x2a\x88\x8e\x60\
\x00\x07\xe2\x1a\x88\xb1\xe1\xb0\x19\x0b\x9f\xe9\xe0\xa8\x06\xe7\
\xe1\xba\x1e\xb2\x21\x56\x45\x29\x1d\x8a\x4e\x37\xe5\x85\x89\x78\
\x8b\x4a\x34\xa8\xb5\x57\x25\xe6\x26\xc2\x76\x34\x7c\x7b\x83\xab\
\x30\xdc\xc2\xb9\x39\xc6\x47\x62\xae\xe5\x98\x8a\x93\x51\x3d\x52\
\xd5\x7b\xd2\x0e\x01\x23\x78\x89\xf9\x35\x63\xe5\x58\xef\xb3\xed\
\x10\xb0\x28\xba\xa4\xf4\xb6\xa9\x65\x4f\x89\x25\x7d\x95\x34\x96\
\xe6\xda\x82\x65\x71\x3e\x4c\xe7\x85\xaf\x91\xe5\x96\x66\x61\xfa\
\x03\x82\x63\x7d\xbe\x4c\x32\x0f\xf2\x00\x00\x00\x00\x49\x45\x4e\
\x44\xae\x42\x60\x82\
\x00\x00\x01\x24\
\x89\
\x50\x4e\x47\x0d\x0a\x1a\x0a\x00\x00\x00\x0d\x49\x48\x44\x52\x00\
\x00\x00\x18\x00\x00\x00\x18\x08\x06\x00\x00\x00\xe0\x77\x3d\xf8\
\x00\x00\x00\x09\x70\x48\x59\x73\x00\x00\x0b\x13\x00\x00\x0b\x13\
\x01\x00\x9a\x9c\x18\x00\x00\x00\xd6\x49\x44\x41\x54\x78\x9c\xed\
\x90\x31\x0a\xc2\x40\x10\x45\xb7\x53\xf0\x00\x16\x0a\xb2\x9b\x78\
\x17\x3d\x8c\xc1\xd6\xca\x56\x66\x48\x61\x69\xeb\x51\x14\x45\xb0\
\xd1\x56\x05\x21\x61\xc6\x13\x68\x1b\x19\xc4\x10\x10\x49\x36\xd9\
\x22\xa0\x1f\x3e\x0c\x2c\xbc\x37\xb3\x4a\xfd\x4c\xbc\x30\xf2\x35\
\xd2\x45\x2a\xb3\x73\x81\x46\x9a\x18\xe4\x44\x2a\xb3\x33\xb0\x3f\
\x3f\x35\x0c\x52\x20\x9b\xa7\x02\xe0\xb3\x07\x34\x92\xb7\x6a\xf0\
\x59\xdc\x35\xc8\xc7\x37\xf8\xa3\xc0\x87\x7e\x18\x75\x2a\x6c\xce\
\xdf\xe1\x19\x49\xa9\x4b\x0c\xd0\x38\x17\x9e\x96\x02\x6b\x81\x46\
\xda\x17\x16\x00\xed\x4a\x5c\xc0\x8f\xe2\x17\xf0\xdd\x5e\x50\x1c\
\x9e\x48\xff\x82\xe4\x2f\x48\xd3\x9b\x5e\x9b\x1a\x78\x61\x2b\x30\
\x40\xcb\x36\xde\x5a\x2a\x2f\x1a\x79\x6b\x0d\xc7\x57\x35\xf0\x26\
\x57\x60\x80\xd7\x65\x05\x06\x79\xa5\x6a\x1b\x8d\x1c\x67\xbe\x22\
\x72\x2e\x30\xc8\x43\x01\x4b\x3d\xe0\x81\x73\x41\x6d\xf3\x04\x3b\
\xb1\xf4\xfd\x7c\x5e\x99\x07\x00\x00\x00\x00\x49\x45\x4e\x44\xae\
\x42\x60\x82\
\x00\x00\x09\x09\
\x3c\
\x3f\x78\x6d\x6c\x20\x76\x65\x72\x73\x69\x6f\x6e\x3d\x22\x31\x2e\
\x30\x22\x20\x65\x6e\x63\x6f\x64\x69\x6e\x67\x3d\x22\x55\x54\x46\
\x2d\x38\x22\x20\x73\x74\x61\x6e\x64\x61\x6c\x6f\x6e\x65\x3d\x22\
\x6e\x6f\x22\x3f\x3e\x0a\x3c\x21\x2d\x2d\x20\x43\x72\x65\x61\x74\
\x65\x64\x20\x77\x69\x74\x68\x20\x49\x6e\x6b\x73\x63\x61\x70\x65\
\x20\x28\x68\x74\x74\x70\x3a\x2f\x2f\x77\x77\x77\x2e\x69\x6e\x6b\
\x73\x63\x61\x70\x65\x2e\x6f\x72\x67\x2f\x29\x20\x2d\x2d\x3e\x0a\
\x0a\x3c\x73\x76\x67\x0a\x20\x20\x20\x77\x69\x64\x74\x68\x3d\x22\
\x33\x37\x2e\x33\x33\x38\x31\x33\x35\x6d\x6d\x22\x0a\x20\x20\x20\
\x68\x65\x69\x67\x68\x74\x3d\x22\x34\x30\x2e\x36\x39\x39\x31\x32\
\x33\x6d\x6d\x22\x0a\x20\x20\x20\x76\x69\x65\x77\x42\x6f\x78\x3d\
\x22\x30\x20\x30\x20\x33\x37\x2e\x33\x33\x38\x31\x33\x35\x20\x34\
\x30\x2e\x36\x39\x39\x31\x32\x33\x22\x0a\x20\x20\x20\x76\x65\x72\
\x73\x69\x6f\x6e\x3d\x22\x31\x2e\x31\x22\x0a\x20\x20\x20\x69\x64\
\x3d\x22\x73\x76\x67\x35\x22\x0a\x20\x20\x20\x78\x6d\x6c\x3a\x73\
\x70\x61\x63\x65\x3d\x22\x70\x72\x65\x73\x65\x72\x76\x65\x22\x0a\
\x20\x20\x20\x69\x6e\x6b\x73\x63\x61\x70\x65\x3a\x76\x65\x72\x73\
\x69\x6f\x6e\x3d\x22\x31\x2e\x32\x2e\x32\x20\x28\x62\x30\x61\x38\
\x34\x38\x36\x35\x34\x31\x2c\x20\x32\x30\x32\x32\x2d\x31\x32\x2d\
\x30\x31\x29\x22\x0a\x20\x20\x20\x73\x6f\x64\x69\x70\x6f\x64\x69\
\x3a\x64\x6f\x63\x6e\x61\x6d\x65\x3d\x22\x68\x6f\x6d\x65\x2e\x73\
\x76\x67\x22\x0a\x20\x20\x20\x78\x6d\x6c\x6e\x73\x3a\x69\x6e\x6b\
\x73\x63\x61\x70\x65\x3d\x22\x68\x74\x74\x70\x3a\x2f\x2f\x77\x77\
\x77\x2e\x69\x6e\x6b\x73\x63\x61\x70\x65\x2e\x6f\x72\x67\x2f\x6e\
\x61\x6d\x65\x73\x70\x61\x63\x65\x73\x2f\x69\x6e\x6b\x73\x63\x61\
\x70\x65\x22\x0a\x20\x20\x20\x78\x6d\x6c\x6e\x73\x3a\x73\x6f\x64\
\x69\x70\x6f\x64\x69\x3d\x22\x68\x74\x74\x70\x3a\x2f\x2f\x73\x6f\
\x64\x69\x70\x6f\x64\x69\x2e\x73\x6f\x75\x72\x63\x65\x66\x6f\x72\
\x67\x65\x2e\x6e\x65\x74\x2f\x44\x54\x44\x2f\x73\x6f\x64\x69\x70\
\x6f\x64\x69\x2d\x30\x2e\x64\x74\x64\x22\x0a\x20\x20\x20\x78\x6d\
\x6c\x6e\x73\x3d\x22\x68\x74\x74\x70\x3a\x2f\x2f\x77\x77\x77\x2e\
\x77\x33\x2e\x6f\x72\x67\x2f\x32\x30\x30\x30\x2f\x73\x76\x67\x22\
\x0a\x20\x20\x20\x78\x6d\x6c\x6e\x73\x3a\x73\x76\x67\x3d\x22\x68\
\x74\x74\x70\x3a\x2f\x2f\x77\x77\x77\x2e\x77\x33\x2e\x6f\x72\x67\
\x2f\x32\x30\x30\x30\x2f\x73\x76\x67\x22\x3e\x3c\x73\x6f\x64\x69\
\x70\x6f\x64\x69\x3a\x6e\x61\x6d\x65\x64\x76\x69\x65\x77\x0a\x20\
\x20\x20\x20\x20\x69\x64\x3d\x22\x6e\x61\x6d\x65\x64\x76\x69\x65\
\x77\x37\x22\x0a\x20\x20\x20\x20\x20\x70\x61\x67\x65\x63\x6f\x6c\
\x6f\x72\x3d\x22\x23\x66\x66\x66\x66\x66\x66\x22\x0a\x20\x20\x20\
\x20\x20\x62\x6f\x72\x64\x65\x72\x63\x6f\x6c\x6f\x72\x3d\x22\x23\
\x30\x30\x30\x30\x30\x30\x22\x0a\x20\x20\x20\x20\x20\x62\x6f\x72\
\x64\x65\x72\x6f\x70\x61\x63\x69\x74\x79\x3d\x22\x30\x2e\x32\x35\
\x22\x0a\x20\x20\x20\x20\x20\x69\x6e\x6b\x73\x63\x61\x70\x65\x3a\
\x73\x68\x6f\x77\x70\x61\x67\x65\x73\x68\x61\x64\x6f\x77\x3d\x22\
\x32\x22\x0a\x20\x20\x20\x20\x20\x69\x6e\x6b\x73\x63\x61\x70\x65\
\x3a\x70\x61\x67\x65\x6f\x70\x61\x63\x69\x74\x79\x3d\x22\x30\x2e\
\x30\x22\x0a\x20\x20\x20\x20\x20\x69\x6e\x6b\x73\x63\x61\x70\x65\
\x3a\x70\x61\x67\x65\x63\x68\x65\x63\x6b\x65\x72\x62\x6f\x61\x72\
\x64\x3d\x22\x30\x22\x0a\x20\x20\x20\x20\x20\x69\x6e\x6b\x73\x63\
\x61\x70\x65\x3a\x64\x65\x73\x6b\x63\x6f\x6c\x6f\x72\x3d\x22\x23\
\x64\x31\x64\x31\x64\x31\x22\x0a\x20\x20\x20\x20\x20\x69\x6e\x6b\
\x73\x63\x61\x70\x65\x3a\x64\x6f\x63\x75\x6d\x65\x6e\x74\x2d\x75\
\x6e\x69\x74\x73\x3d\x22\x6d\x6d\x22\x0a\x20\x20\x20\x20\x20\x73\
\x68\x6f\x77\x67\x72\x69\x64\x3d\x22\x66\x61\x6c\x73\x65\x22\x0a\
\x20\x20\x20\x20\x20\x69\x6e\x6b\x73\x63\x61\x70\x65\x3a\x7a\x6f\
\x6f\x6d\x3d\x22\x30\x2e\x38\x34\x30\x39\x36\x35\x32\x31\x22\x0a\
\x20\x20\x20\x20\x20\x69\x6e\x6b\x73\x63\x61\x70\x65\x3a\x63\x78\
\x3d\x22\x2d\x33\x36\x2e\x32\x36\x37\x38\x35\x22\x0a\x20\x20\x20\
\x20\x20\x69\x6e\x6b\x73\x63\x61\x70\x65\x3a\x63\x79\x3d\x22\x31\
\x38\x31\x2e\x39\x33\x33\x38\x22\x0a\x20\x20\x20\x20\x20\x69\x6e\
\x6b\x73\x63\x61\x70\x65\x3a\x77\x69\x6e\x64\x6f\x77\x2d\x77\x69\
\x64\x74\x68\x3d\x22\x31\x36\x38\x30\x22\x0a\x20\x20\x20\x20\x20\
\x69\x6e\x6b\x73\x63\x61\x70\x65\x3a\x77\x69\x6e\x64\x6f\x77\x2d\
\x68\x65\x69\x67\x68\x74\x3d\x22\x31\x30\x31\x38\x22\x0a\x20\x20\
\x20\x20\x20\x69\x6e\x6b\x73\x63\x61\x70\x65\x3a\x77\x69\x6e\x64\
\x6f\x77\x2d\x78\x3d\x22\x30\x22\x0a\x20\x20\x20\x20\x20\x69\x6e\
\x6b\x73\x63\x61\x70\x65\x3a\x77\x69\x6e\x64\x6f\x77\x2d\x79\x3d\
\x22\x30\x22\x0a\x20\x20\x20\x20\x20\x69\x6e\x6b\x73\x63\x61\x70\
\x65\x3a\x77\x69\x6e\x64\x6f\x77\x2d\x6d\x61\x78\x69\x6d\x69\x7a\
\x65\x64\x3d\x22\x31\x22\x0a\x20\x20\x20\x20\x20\x69\x6e\x6b\x73\
\x63\x61\x70\x65\x3a\x63\x75\x72\x72\x65\x6e\x74\x2d\x6c\x61\x79\
\x65\x72\x3d\x22\x6c\x61\x79\x65\x72\x31\x22\x20\x2f\x3e\x3c\x64\
\x65\x66\x73\x0a\x20\x20\x20\x20\x20\x69\x64\x3d\x22\x64\x65\x66\
\x73\x32\x22\x20\x2f\x3e\x3c\x67\x0a\x20\x20\x20\x20\x20\x69\x6e\
\x6b\x73\x63\x61\x70\x65\x3a\x6c\x61\x62\x65\x6c\x3d\x22\x4c\x61\
\x79\x65\x72\x20\x31\x22\x0a\x20\x20\x20\x20\x20\x69\x6e\x6b\x73\
\x63\x61\x70\x65\x3a\x67\x72\x6f\x75\x70\x6d\x6f\x64\x65\x3d\x22\
\x6c\x61\x79\x65\x72\x22\x0a\x20\x20\x20\x20\x20\x69\x64\x3d\x22\
\x6c\x61\x79\x65\x72\x31\x22\x0a\x20\x20\x20\x20\x20\x74\x72\x61\
\x6e\x73\x66\x6f\x72\x6d\x3d\x22\x74\x72\x61\x6e\x73\x6c\x61\x74\
\x65\x28\x2d\x38\x30\x2e\x35\x37\x38\x35\x31\x36\x2c\x2d\x37\x35\
\x2e\x38\x32\x32\x38\x39\x29\x22\x3e\x3c\x70\x61\x74\x68\x0a\x20\
\x20\x20\x20\x20\x20\x20\x73\x74\x79\x6c\x65\x3d\x22\x66\x69\x6c\
\x6c\x3a\x23\x30\x30\x30\x30\x30\x30\x3b\x73\x74\x72\x6f\x6b\x65\
\x2d\x77\x69\x64\x74\x68\x3a\x31\x2e\x30\x34\x31\x35\x35\x22\x0a\
\x20\x20\x20\x20\x20\x20\x20\x64\x3d\x22\x6d\x20\x38\x31\x2e\x33\
\x31\x35\x35\x34\x2c\x31\x31\x36\x2e\x30\x32\x38\x34\x37\x20\x63\
\x20\x2d\x30\x2e\x34\x30\x35\x33\x36\x34\x2c\x2d\x30\x2e\x34\x30\
\x35\x33\x37\x20\x2d\x30\x2e\x37\x33\x37\x30\x32\x34\x2c\x2d\x36\
\x2e\x31\x31\x30\x37\x35\x20\x2d\x30\x2e\x37\x33\x37\x30\x32\x34\
\x2c\x2d\x31\x32\x2e\x36\x37\x38\x36\x34\x20\x56\x20\x39\x31\x2e\
\x34\x30\x38\x32\x32\x20\x6c\x20\x33\x2e\x34\x35\x36\x31\x33\x31\
\x2c\x2d\x33\x2e\x32\x34\x37\x36\x33\x20\x63\x20\x31\x2e\x39\x30\
\x30\x38\x37\x33\x2c\x2d\x31\x2e\x37\x38\x36\x31\x39\x20\x36\x2e\
\x31\x31\x34\x33\x35\x37\x2c\x2d\x35\x2e\x32\x39\x32\x38\x39\x20\
\x39\x2e\x33\x36\x33\x32\x39\x39\x2c\x2d\x37\x2e\x37\x39\x32\x36\
\x36\x20\x6c\x20\x35\x2e\x39\x30\x37\x31\x36\x39\x2c\x2d\x34\x2e\
\x35\x34\x35\x30\x34\x20\x37\x2e\x39\x36\x33\x39\x33\x35\x2c\x36\
\x2e\x30\x39\x39\x38\x39\x20\x63\x20\x34\x2e\x33\x38\x30\x31\x37\
\x2c\x33\x2e\x33\x35\x34\x39\x34\x20\x38\x2e\x36\x31\x39\x31\x32\
\x2c\x37\x2e\x30\x39\x39\x38\x31\x20\x39\x2e\x34\x31\x39\x38\x38\
\x2c\x38\x2e\x33\x32\x31\x39\x33\x20\x31\x2e\x30\x38\x31\x33\x39\
\x2c\x31\x2e\x36\x35\x30\x34\x20\x31\x2e\x33\x37\x39\x38\x36\x2c\
\x35\x2e\x32\x36\x39\x35\x36\x20\x31\x2e\x31\x36\x30\x32\x33\x2c\
\x31\x34\x2e\x30\x36\x38\x33\x36\x20\x6c\x20\x2d\x30\x2e\x32\x39\
\x35\x37\x31\x2c\x31\x31\x2e\x38\x34\x36\x33\x33\x20\x68\x20\x2d\
\x37\x2e\x32\x39\x30\x38\x33\x20\x2d\x37\x2e\x32\x39\x30\x38\x33\
\x20\x6c\x20\x2d\x30\x2e\x33\x31\x30\x30\x39\x2c\x2d\x36\x2e\x35\
\x30\x39\x36\x37\x20\x63\x20\x2d\x30\x2e\x33\x30\x35\x38\x31\x2c\
\x2d\x36\x2e\x34\x31\x39\x39\x31\x20\x2d\x30\x2e\x33\x35\x31\x38\
\x31\x2c\x2d\x36\x2e\x35\x30\x39\x36\x38\x20\x2d\x33\x2e\x33\x33\
\x35\x33\x32\x35\x2c\x2d\x36\x2e\x35\x30\x39\x36\x38\x20\x2d\x32\
\x2e\x39\x38\x33\x35\x32\x34\x2c\x30\x20\x2d\x33\x2e\x30\x32\x39\
\x35\x31\x39\x2c\x30\x2e\x30\x38\x39\x38\x20\x2d\x33\x2e\x33\x33\
\x35\x33\x33\x2c\x36\x2e\x35\x30\x39\x36\x38\x20\x6c\x20\x2d\x30\
\x2e\x33\x31\x30\x30\x38\x37\x2c\x36\x2e\x35\x30\x39\x36\x37\x20\
\x2d\x36\x2e\x38\x31\x34\x31\x39\x37\x2c\x30\x2e\x33\x30\x33\x30\
\x35\x20\x63\x20\x2d\x33\x2e\x37\x34\x37\x38\x30\x38\x2c\x30\x2e\
\x31\x36\x36\x36\x37\x20\x2d\x37\x2e\x31\x34\x35\x38\x35\x38\x2c\
\x2d\x30\x2e\x30\x32\x38\x36\x20\x2d\x37\x2e\x35\x35\x31\x32\x32\
\x31\x2c\x2d\x30\x2e\x34\x33\x33\x39\x38\x20\x7a\x20\x6d\x20\x31\
\x31\x2e\x37\x36\x31\x35\x34\x39\x2c\x2d\x37\x2e\x39\x39\x33\x31\
\x34\x20\x63\x20\x30\x2c\x2d\x36\x2e\x35\x30\x32\x36\x34\x20\x31\
\x2e\x31\x38\x32\x32\x39\x37\x2c\x2d\x38\x2e\x30\x31\x39\x39\x32\
\x20\x36\x2e\x32\x34\x39\x32\x38\x36\x2c\x2d\x38\x2e\x30\x31\x39\
\x39\x32\x20\x35\x2e\x30\x36\x36\x39\x38\x35\x2c\x30\x20\x36\x2e\
\x32\x34\x39\x32\x38\x35\x2c\x31\x2e\x35\x31\x37\x32\x38\x20\x36\
\x2e\x32\x34\x39\x32\x38\x35\x2c\x38\x2e\x30\x31\x39\x39\x32\x20\
\x76\x20\x35\x2e\x35\x32\x30\x32\x20\x68\x20\x34\x2e\x36\x38\x36\
\x39\x36\x20\x34\x2e\x36\x38\x36\x39\x37\x20\x56\x20\x31\x30\x32\
\x2e\x37\x33\x36\x36\x20\x39\x31\x2e\x39\x31\x37\x36\x37\x20\x6c\
\x20\x2d\x37\x2e\x32\x33\x35\x32\x38\x2c\x2d\x35\x2e\x38\x34\x35\
\x38\x34\x20\x63\x20\x2d\x33\x2e\x39\x37\x39\x34\x2c\x2d\x33\x2e\
\x32\x31\x35\x32\x20\x2d\x37\x2e\x36\x34\x38\x37\x33\x2c\x2d\x35\
\x2e\x38\x34\x35\x38\x33\x20\x2d\x38\x2e\x31\x35\x34\x30\x37\x35\
\x2c\x2d\x35\x2e\x38\x34\x35\x38\x33\x20\x2d\x30\x2e\x35\x30\x35\
\x33\x35\x2c\x30\x20\x2d\x34\x2e\x32\x37\x39\x39\x32\x2c\x32\x2e\
\x36\x31\x31\x35\x39\x20\x2d\x38\x2e\x33\x38\x37\x39\x34\x33\x2c\
\x35\x2e\x38\x30\x33\x35\x33\x20\x6c\x20\x2d\x37\x2e\x34\x36\x39\
\x31\x33\x33\x2c\x35\x2e\x38\x30\x33\x35\x34\x20\x76\x20\x31\x30\
\x2e\x38\x36\x31\x32\x33\x20\x31\x30\x2e\x38\x36\x31\x32\x33\x20\
\x68\x20\x34\x2e\x36\x38\x36\x39\x36\x35\x20\x34\x2e\x36\x38\x36\
\x39\x36\x35\x20\x7a\x22\x0a\x20\x20\x20\x20\x20\x20\x20\x69\x64\
\x3d\x22\x70\x61\x74\x68\x31\x32\x35\x22\x20\x2f\x3e\x3c\x2f\x67\
\x3e\x3c\x2f\x73\x76\x67\x3e\x0a\
\x00\x00\x00\xeb\
\x89\
\x50\x4e\x47\x0d\x0a\x1a\x0a\x00\x00\x00\x0d\x49\x48\x44\x52\x00\
\x00\x00\x18\x00\x00\x00\x18\x08\x06\x00\x00\x00\xe0\x77\x3d\xf8\
\x00\x00\x00\x09\x70\x48\x59\x73\x00\x00\x0b\x13\x00\x00\x0b\x13\
\x01\x00\x9a\x9c\x18\x00\x00\x00\x9d\x49\x44\x41\x54\x78\x9c\x63\
\x60\x18\x05\x14\x80\x68\x06\x06\x86\xff\x44\x62\x90\x5a\x92\x80\
\x22\x03\x03\xc3\x07\x12\x2c\xf8\x00\xd5\x43\x14\x60\x61\x60\x60\
\x38\x0a\xd5\xf8\x9b\x81\x81\xa1\x18\x4a\x13\xb2\xe4\x28\x54\x2f\
\x41\xd0\x80\xa4\xa9\x1e\x8b\x18\x3e\x0c\x53\x8f\x13\x58\x23\xb9\
\xf6\x24\x03\x03\x03\x2b\x16\x5f\xe1\xc3\x20\xbd\x56\xb8\x0c\xe7\
\x67\x60\x60\xb8\x07\x55\xf8\x99\x81\x81\x41\x05\x4d\x9e\xd8\x78\
\xb9\x07\x35\x0b\x03\x2c\x21\x22\x55\x44\x13\x19\x54\x20\xb3\xb0\
\x02\x98\x02\x72\xc1\x7f\x42\xfa\x87\x9f\x05\xff\xd1\x30\xb1\xe2\
\xa3\x16\x30\xd0\xdc\x02\x5c\x60\xf0\x58\xf0\x9f\x42\x3c\x70\x16\
\x8c\x02\x06\x74\x00\x00\x0e\xc6\xc7\x1f\x86\x76\x13\x95\x00\x00\
\x00\x00\x49\x45\x4e\x44\xae\x42\x60\x82\
\x00\x00\x04\xda\
\x3c\
\x3f\x78\x6d\x6c\x20\x76\x65\x72\x73\x69\x6f\x6e\x3d\x22\x31\x2e\
\x30\x22\x20\x65\x6e\x63\x6f\x64\x69\x6e\x67\x3d\x22\x55\x54\x46\
\x2d\x38\x22\x20\x73\x74\x61\x6e\x64\x61\x6c\x6f\x6e\x65\x3d\x22\
\x6e\x6f\x22\x3f\x3e\x0a\x3c\x21\x2d\x2d\x20\x43\x72\x65\x61\x74\
\x65\x64\x20\x77\x69\x74\x68\x20\x49\x6e\x6b\x73\x63\x61\x70\x65\
\x20\x28\x68\x74\x74\x70\x3a\x2f\x2f\x77\x77\x77\x2e\x69\x6e\x6b\
\x73\x63\x61\x70\x65\x2e\x6f\x72\x67\x2f\x29\x20\x2d\x2d\x3e\x0a\
\x0a\x3c\x73\x76\x67\x0a\x20\x20\x20\x77\x69\x64\x74\x68\x3d\x22\
\x32\x31\x30\x6d\x6d\x22\x0a\x20\x20\x20\x68\x65\x69\x67\x68\x74\
\x3d\x22\x32\x39\x37\x6d\x6d\x22\x0a\x20\x20\x20\x76\x69\x65\x77\
\x42\x6f\x78\x3d\x22\x30\x20\x30\x20\x32\x31\x30\x20\x32\x39\x37\
\x22\x0a\x20\x20\x20\x76\x65\x72\x73\x69\x6f\x6e\x3d\x22\x31\x2e\
\x31\x22\x0a\x20\x20\x20\x69\x64\x3d\x22\x73\x76\x67\x35\x22\x0a\
\x20\x20\x20\x78\x6d\x6c\x3a\x73\x70\x61\x63\x65\x3d\x22\x70\x72\
\x65\x73\x65\x72\x76\x65\x22\x0a\x20\x20\x20\x69\x6e\x6b\x73\x63\
\x61\x70\x65\x3a\x76\x65\x72\x73\x69\x6f\x6e\x3d\x22\x31\x2e\x32\
\x2e\x32\x20\x28\x62\x30\x61\x38\x34\x38\x36\x35\x34\x31\x2c\x20\
\x32\x30\x32\x32\x2d\x31\x32\x2d\x30\x31\x29\x22\x0a\x20\x20\x20\
\x73\x6f\x64\x69\x70\x6f\x64\x69\x3a\x64\x6f\x63\x6e\x61\x6d\x65\
\x3d\x22\x62\x61\x63\x6b\x2e\x73\x76\x67\x22\x0a\x20\x20\x20\x78\
\x6d\x6c\x6e\x73\x3a\x69\x6e\x6b\x73\x63\x61\x70\x65\x3d\x22\x68\
\x74\x74\x70\x3a\x2f\x2f\x77\x77\x77\x2e\x69\x6e\x6b\x73\x63\x61\
\x70\x65\x2e\x6f\x72\x67\x2f\x6e\x61\x6d\x65\x73\x70\x61\x63\x65\
\x73\x2f\x69\x6e\x6b\x73\x63\x61\x70\x65\x22\x0a\x20\x20\x20\x78\
\x6d\x6c\x6e\x73\x3a\x73\x6f\x64\x69\x70\x6f\x64\x69\x3d\x22\x68\
\x74\x74\x70\x3a\x2f\x2f\x73\x6f\x64\x69\x70\x6f\x64\x69\x2e\x73\
\x6f\x75\x72\x63\x65\x66\x6f\x72\x67\x65\x2e\x6e\x65\x74\x2f\x44\
\x54\x44\x2f\x73\x6f\x64\x69\x70\x6f\x64\x69\x2d\x30\x2e\x64\x74\
\x64\x22\x0a\x20\x20\x20\x78\x6d\x6c\x6e\x73\x3d\x22\x68\x74\x74\
\x70\x3a\x2f\x2f\x77\x77\x77\x2e\x77\x33\x2e\x6f\x72\x67\x2f\x32\
\x30\x30\x30\x2f\x73\x76\x67\x22\x0a\x20\x20\x20\x78\x6d\x6c\x6e\
\x73\x3a\x73\x76\x67\x3d\x22\x68\x74\x74\x70\x3a\x2f\x2f\x77\x77\
\x77\x2e\x77\x33\x2e\x6f\x72\x67\x2f\x32\x30\x30\x30\x2f\x73\x76\
\x67\x22\x3e\x3c\x73\x6f\x64\x69\x70\x6f\x64\x69\x3a\x6e\x61\x6d\
\x65\x64\x76\x69\x65\x77\x0a\x20\x20\x20\x20\x20\x69\x64\x3d\x22\
\x6e\x61\x6d\x65\x64\x76\x69\x65\x77\x37\x22\x0a\x20\x20\x20\x20\
\x20\x70\x61\x67\x65\x63\x6f\x6c\x6f\x72\x3d\x22\x23\x66\x66\x66\
\x66\x66\x66\x22\x0a\x20\x20\x20\x20\x20\x62\x6f\x72\x64\x65\x72\
\x63\x6f\x6c\x6f\x72\x3d\x22\x23\x30\x30\x30\x30\x30\x30\x22\x0a\
\x20\x20\x20\x20\x20\x62\x6f\x72\x64\x65\x72\x6f\x70\x61\x63\x69\
\x74\x79\x3d\x22\x30\x2e\x32\x35\x22\x0a\x20\x20\x20\x20\x20\x69\
\x6e\x6b\x73\x63\x61\x70\x65\x3a\x73\x68\x6f\x77\x70\x61\x67\x65\
\x73\x68\x61\x64\x6f\x77\x3d\x22\x32\x22\x0a\x20\x20\x20\x20\x20\
\x69\x6e\x6b\x73\x63\x61\x70\x65\x3a\x70\x61\x67\x65\x6f\x70\x61\
\x63\x69\x74\x79\x3d\x22\x30\x2e\x30\x22\x0a\x20\x20\x20\x20\x20\
\x69\x6e\x6b\x73\x63\x61\x70\x65\x3a\x70\x61\x67\x65\x63\x68\x65\
\x63\x6b\x65\x72\x62\x6f\x61\x72\x64\x3d\x22\x30\x22\x0a\x20\x20\
\x20\x20\x20\x69\x6e\x6b\x73\x63\x61\x70\x65\x3a\x64\x65\x73\x6b\
\x63\x6f\x6c\x6f\x72\x3d\x22\x23\x64\x31\x64\x31\x64\x31\x22\x0a\
\x20\x20\x20\x20\x20\x69\x6e\x6b\x73\x63\x61\x70\x65\x3a\x64\x6f\
\x63\x75\x6d\x65\x6e\x74\x2d\x75\x6e\x69\x74\x73\x3d\x22\x6d\x6d\
\x22\x0a\x20\x20\x20\x20\x20\x73\x68\x6f\x77\x67\x72\x69\x64\x3d\
\x22\x66\x61\x6c\x73\x65\x22\x0a\x20\x20\x20\x20\x20\x69\x6e\x6b\
\x73\x63\x61\x70\x65\x3a\x7a\x6f\x6f\x6d\x3d\x22\x30\x2e\x35\x39\
\x34\x36\x35\x32\x32\x22\x0a\x20\x20\x20\x20\x20\x69\x6e\x6b\x73\
\x63\x61\x70\x65\x3a\x63\x78\x3d\x22\x32\x31\x36\x2e\x39\x33\x33\
\x35\x33\x22\x0a\x20\x20\x20\x20\x20\x69\x6e\x6b\x73\x63\x61\x70\
\x65\x3a\x63\x79\x3d\x22\x35\x34\x38\x2e\x32\x31\x39\x36\x31\x22\
\x0a\x20\x20\x20\x20\x20\x69\x6e\x6b\x73\x63\x61\x70\x65\x3a\x77\
\x69\x6e\x64\x6f\x77\x2d\x77\x69\x64\x74\x68\x3d\x22\x31\x36\x38\
\x30\x22\x0a\x20\x20\x20\x20\x20\x69\x6e\x6b\x73\x63\x61\x70\x65\
\x3a\x77\x69\x6e\x64\x6f\x77\x2d\x68\x65\x69\x67\x68\x74\x3d\x22\
\x31\x30\x31\x38\x22\x0a\x20\x20\x20\x20\x20\x69\x6e\x6b\x73\x63\
\x61\x70\x65\x3a\x77\x69\x6e\x64\x6f\x77\x2d\x78\x3d\x22\x30\x22\
\x0a\x20\x20\x20\x20\x20\x69\x6e\x6b\x73\x63\x61\x70\x65\x3a\x77\
\x69\x6e\x64\x6f\x77\x2d\x79\x3d\x22\x30\x22\x0a\x20\x20\x20\x20\
\x20\x69\x6e\x6b\x73\x63\x61\x70\x65\x3a\x77\x69\x6e\x64\x6f\x77\
\x2d\x6d\x61\x78\x69\x6d\x69\x7a\x65\x64\x3d\x22\x31\x22\x0a\x20\
\x20\x20\x20\x20\x69\x6e\x6b\x73\x63\x61\x70\x65\x3a\x63\x75\x72\
\x72\x65\x6e\x74\x2d\x6c\x61\x79\x65\x72\x3d\x22\x6c\x61\x79\x65\
\x72\x31\x22\x20\x2f\x3e\x3c\x64\x65\x66\x73\x0a\x20\x20\x20\x20\
\x20\x69\x64\x3d\x22\x64\x65\x66\x73\x32\x22\x20\x2f\x3e\x3c\x67\
\x0a\x20\x20\x20\x20\x20\x69\x6e\x6b\x73\x63\x61\x70\x65\x3a\x6c\
\x61\x62\x65\x6c\x3d\x22\x4c\x61\x79\x65\x72\x20\x31\x22\x0a\x20\
\x20\x20\x20\x20\x69\x6e\x6b\x73\x63\x61\x70\x65\x3a\x67\x72\x6f\
\x75\x70\x6d\x6f\x64\x65\x3d\x22\x6c\x61\x79\x65\x72\x22\x0a\x20\
\x20\x20\x20\x20\x69\x64\x3d\x22\x6c\x61\x79\x65\x72\x31\x22\x20\
\x2f\x3e\x3c\x2f\x73\x76\x67\x3e\x0a\
\x00\x00\x01\x84\
\x89\
\x50\x4e\x47\x0d\x0a\x1a\x0a\x00\x00\x00\x0d\x49\x48\x44\x52\x00\
\x00\x00\x18\x00\x00\x00\x18\x08\x06\x00\x00\x00\xe0\x77\x3d\xf8\
\x00\x00\x00\x09\x70\x48\x59\x73\x00\x00\x0b\x13\x00\x00\x0b\x13\
\x01\x00\x9a\x9c\x18\x00\x00\x01\x36\x49\x44\x41\x54\x78\x9c\xdd\
\xd4\xbd\x2b\x85\x61\x18\xc7\xf1\x4f\x88\x22\x79\x49\x19\x28\x0c\
\xc8\x28\x42\xc9\xc0\x2a\x83\xac\x12\x83\x97\x51\xfc\x03\xc2\xae\
\x64\x90\xcc\x26\x26\x8b\xc9\x46\x38\x92\x92\x0c\xa4\x24\x2f\x65\
\xe2\x1f\xa0\x53\x37\x29\x39\xe7\x79\x1e\x4e\xca\x77\xfe\x3d\xd7\
\xf7\x7e\xae\xeb\xba\x6f\xfe\x98\x5a\x8c\x61\x0e\xf3\x98\x42\xd3\
\x6f\x14\x6e\xc1\x36\x6e\xb0\x8a\x59\x4c\x63\x09\x17\xd8\x47\x77\
\xd2\xe2\x43\xb8\xc5\x28\xf2\xbf\xc9\xf4\xe3\x0a\x33\x71\x8b\xf7\
\xe1\x1a\x8d\x11\xb2\x55\x38\xc6\x78\xd4\xe2\xc5\xa1\x25\x6d\x31\
\x0e\x54\x83\x3b\xd4\x45\x09\xa7\x7b\xbc\x26\x3e\xb3\x61\x4e\x59\
\xd9\x43\x57\x02\x41\x15\x1e\x32\xcc\xeb\x83\x67\xe4\x49\xc6\x39\
\xea\x33\x05\x4a\x71\x2f\x39\xbb\xe8\xc8\x14\xc8\x0b\x7f\x90\x94\
\x53\x34\x67\x0b\x9d\x85\x0b\x16\x97\x12\x3c\xa1\x28\x5b\x70\x11\
\x0b\x09\x04\xc3\xd8\x8a\x12\xac\x0e\x73\x48\xef\x76\x9c\xd3\x5f\
\xa2\x33\xea\x07\x13\x38\x0a\x43\xcf\x46\x01\x36\xb1\x2c\x26\x73\
\x61\x1e\xad\x19\x32\x0d\x61\x73\x5e\x91\x42\x45\x5c\xc9\x60\x78\
\xcc\xb6\x31\x89\x5e\xf4\x60\x04\x1b\x78\x0c\x0f\x5d\xea\x93\xa4\
\x3c\xae\xa4\x10\x03\x58\x09\xa2\x1d\xac\x07\x49\xba\xf7\xc2\xc9\
\x7f\x24\x89\x42\x19\x0e\x83\xe4\x04\x95\x72\x24\x39\xf8\x17\x92\
\xf2\xb0\xe6\x2f\x68\xcf\x85\xe0\x5d\x92\xb3\xe2\x5f\x78\x03\x2d\
\xb5\x3e\xa6\xb0\x85\xaa\x07\x00\x00\x00\x00\x49\x45\x4e\x44\xae\
\x42\x60\x82\
\x00\x00\x08\x16\
\x3c\
\x3f\x78\x6d\x6c\x20\x76\x65\x72\x73\x69\x6f\x6e\x3d\x22\x31\x2e\
\x30\x22\x20\x65\x6e\x63\x6f\x64\x69\x6e\x67\x3d\x22\x55\x54\x46\
\x2d\x38\x22\x20\x73\x74\x61\x6e\x64\x61\x6c\x6f\x6e\x65\x3d\x22\
\x6e\x6f\x22\x3f\x3e\x0a\x3c\x21\x2d\x2d\x20\x43\x72\x65\x61\x74\
\x65\x64\x20\x77\x69\x74\x68\x20\x49\x6e\x6b\x73\x63\x61\x70\x65\
\x20\x28\x68\x74\x74\x70\x3a\x2f\x2f\x77\x77\x77\x2e\x69\x6e\x6b\
\x73\x63\x61\x70\x65\x2e\x6f\x72\x67\x2f\x29\x20\x2d\x2d\x3e\x0a\
\x0a\x3c\x73\x76\x67\x0a\x20\x20\x20\x77\x69\x64\x74\x68\x3d\x22\
\x31\x31\x2e\x30\x30\x31\x30\x35\x39\x6d\x6d\x22\x0a\x20\x20\x20\
\x68\x65\x69\x67\x68\x74\x3d\x22\x31\x31\x2e\x33\x32\x34\x35\x32\
\x36\x6d\x6d\x22\x0a\x20\x20\x20\x76\x69\x65\x77\x42\x6f\x78\x3d\
\x22\x30\x20\x30\x20\x31\x31\x2e\x30\x30\x31\x30\x35\x39\x20\x31\
\x31\x2e\x33\x32\x34\x35\x32\x36\x22\x0a\x20\x20\x20\x76\x65\x72\
\x73\x69\x6f\x6e\x3d\x22\x31\x2e\x31\x22\x0a\x20\x20\x20\x69\x64\
\x3d\x22\x73\x76\x67\x35\x22\x0a\x20\x20\x20\x78\x6d\x6c\x3a\x73\
\x70\x61\x63\x65\x3d\x22\x70\x72\x65\x73\x65\x72\x76\x65\x22\x0a\
\x20\x20\x20\x69\x6e\x6b\x73\x63\x61\x70\x65\x3a\x76\x65\x72\x73\
\x69\x6f\x6e\x3d\x22\x31\x2e\x32\x2e\x32\x20\x28\x62\x30\x61\x38\
\x34\x38\x36\x35\x34\x31\x2c\x20\x32\x30\x32\x32\x2d\x31\x32\x2d\
\x30\x31\x29\x22\x0a\x20\x20\x20\x73\x6f\x64\x69\x70\x6f\x64\x69\
\x3a\x64\x6f\x63\x6e\x61\x6d\x65\x3d\x22\x73\x65\x61\x72\x63\x68\
\x2e\x73\x76\x67\x22\x0a\x20\x20\x20\x78\x6d\x6c\x6e\x73\x3a\x69\
\x6e\x6b\x73\x63\x61\x70\x65\x3d\x22\x68\x74\x74\x70\x3a\x2f\x2f\
\x77\x77\x77\x2e\x69\x6e\x6b\x73\x63\x61\x70\x65\x2e\x6f\x72\x67\
\x2f\x6e\x61\x6d\x65\x73\x70\x61\x63\x65\x73\x2f\x69\x6e\x6b\x73\
\x63\x61\x70\x65\x22\x0a\x20\x20\x20\x78\x6d\x6c\x6e\x73\x3a\x73\
\x6f\x64\x69\x70\x6f\x64\x69\x3d\x22\x68\x74\x74\x70\x3a\x2f\x2f\
\x73\x6f\x64\x69\x70\x6f\x64\x69\x2e\x73\x6f\x75\x72\x63\x65\x66\
\x6f\x72\x67\x65\x2e\x6e\x65\x74\x2f\x44\x54\x44\x2f\x73\x6f\x64\
\x69\x70\x6f\x64\x69\x2d\x30\x2e\x64\x74\x64\x22\x0a\x20\x20\x20\
\x78\x6d\x6c\x6e\x73\x3d\x22\x68\x74\x74\x70\x3a\x2f\x2f\x77\x77\
\x77\x2e\x77\x33\x2e\x6f\x72\x67\x2f\x32\x30\x30\x30\x2f\x73\x76\
\x67\x22\x0a\x20\x20\x20\x78\x6d\x6c\x6e\x73\x3a\x73\x76\x67\x3d\
\x22\x68\x74\x74\x70\x3a\x2f\x2f\x77\x77\x77\x2e\x77\x33\x2e\x6f\
\x72\x67\x2f\x32\x30\x30\x30\x2f\x73\x76\x67\x22\x3e\x3c\x73\x6f\
\x64\x69\x70\x6f\x64\x69\x3a\x6e\x61\x6d\x65\x64\x76\x69\x65\x77\
\x0a\x20\x20\x20\x20\x20\x69\x64\x3d\x22\x6e\x61\x6d\x65\x64\x76\
\x69\x65\x77\x37\x22\x0a\x20\x20\x20\x20\x20\x70\x61\x67\x65\x63\
\x6f\x6c\x6f\x72\x3d\x22\x23\x66\x66\x66\x66\x66\x66\x22\x0a\x20\
\x20\x20\x20\x20\x62\x6f\x72\x64\x65\x72\x63\x6f\x6c\x6f\x72\x3d\
\x22\x23\x30\x30\x30\x30\x30\x30\x22\x0a\x20\x20\x20\x20\x20\x62\
\x6f\x72\x64\x65\x72\x6f\x70\x61\x63\x69\x74\x79\x3d\x22\x30\x2e\
\x32\x35\x22\x0a\x20\x20\x20\x20\x20\x69\x6e\x6b\x73\x63\x61\x70\
\x65\x3a\x73\x68\x6f\x77\x70\x61\x67\x65\x73\x68\x61\x64\x6f\x77\
\x3d\x22\x32\x22\x0a\x20\x20\x20\x20\x20\x69\x6e\x6b\x73\x63\x61\
\x70\x65\x3a\x70\x61\x67\x65\x6f\x70\x61\x63\x69\x74\x79\x3d\x22\
\x30\x2e\x30\x22\x0a\x20\x20\x20\x20\x20\x69\x6e\x6b\x73\x63\x61\
\x70\x65\x3a\x70\x61\x67\x65\x63\x68\x65\x63\x6b\x65\x72\x62\x6f\
\x61\x72\x64\x3d\x22\x30\x22\x0a\x20\x20\x20\x20\x20\x69\x6e\x6b\
\x73\x63\x61\x70\x65\x3a\x64\x65\x73\x6b\x63\x6f\x6c\x6f\x72\x3d\
\x22\x23\x64\x31\x64\x31\x64\x31\x22\x0a\x20\x20\x20\x20\x20\x69\
\x6e\x6b\x73\x63\x61\x70\x65\x3a\x64\x6f\x63\x75\x6d\x65\x6e\x74\
\x2d\x75\x6e\x69\x74\x73\x3d\x22\x6d\x6d\x22\x0a\x20\x20\x20\x20\
\x20\x73\x68\x6f\x77\x67\x72\x69\x64\x3d\x22\x66\x61\x6c\x73\x65\
\x22\x0a\x20\x20\x20\x20\x20\x69\x6e\x6b\x73\x63\x61\x70\x65\x3a\
\x7a\x6f\x6f\x6d\x3d\x22\x31\x2e\x31\x38\x39\x33\x30\x34\x34\x22\
\x0a\x20\x20\x20\x20\x20\x69\x6e\x6b\x73\x63\x61\x70\x65\x3a\x63\
\x78\x3d\x22\x34\x30\x2e\x33\x35\x39\x37\x32\x36\x22\x0a\x20\x20\
\x20\x20\x20\x69\x6e\x6b\x73\x63\x61\x70\x65\x3a\x63\x79\x3d\x22\
\x33\x31\x2e\x31\x31\x30\x36\x32\x32\x22\x0a\x20\x20\x20\x20\x20\
\x69\x6e\x6b\x73\x63\x61\x70\x65\x3a\x77\x69\x6e\x64\x6f\x77\x2d\
\x77\x69\x64\x74\x68\x3d\x22\x31\x39\x32\x30\x22\x0a\x20\x20\x20\
\x20\x20\x69\x6e\x6b\x73\x63\x61\x70\x65\x3a\x77\x69\x6e\x64\x6f\
\x77\x2d\x68\x65\x69\x67\x68\x74\x3d\x22\x31\x30\x35\x30\x22\x0a\
\x20\x20\x20\x20\x20\x69\x6e\x6b\x73\x63\x61\x70\x65\x3a\x77\x69\
\x6e\x64\x6f\x77\x2d\x78\x3d\x22\x31\x39\x32\x30\x22\x0a\x20\x20\
\x20\x20\x20\x69\x6e\x6b\x73\x63\x61\x70\x65\x3a\x77\x69\x6e\x64\
\x6f\x77\x2d\x79\x3d\x22\x30\x22\x0a\x20\x20\x20\x20\x20\x69\x6e\
\x6b\x73\x63\x61\x70\x65\x3a\x77\x69\x6e\x64\x6f\x77\x2d\x6d\x61\
\x78\x69\x6d\x69\x7a\x65\x64\x3d\x22\x31\x22\x0a\x20\x20\x20\x20\
\x20\x69\x6e\x6b\x73\x63\x61\x70\x65\x3a\x63\x75\x72\x72\x65\x6e\
\x74\x2d\x6c\x61\x79\x65\x72\x3d\x22\x6c\x61\x79\x65\x72\x31\x22\
\x20\x2f\x3e\x3c\x64\x65\x66\x73\x0a\x20\x20\x20\x20\x20\x69\x64\
\x3d\x22\x64\x65\x66\x73\x32\x22\x20\x2f\x3e\x3c\x67\x0a\x20\x20\
\x20\x20\x20\x69\x6e\x6b\x73\x63\x61\x70\x65\x3a\x6c\x61\x62\x65\
\x6c\x3d\x22\x4c\x61\x79\x65\x72\x20\x31\x22\x0a\x20\x20\x20\x20\
\x20\x69\x6e\x6b\x73\x63\x61\x70\x65\x3a\x67\x72\x6f\x75\x70\x6d\
\x6f\x64\x65\x3d\x22\x6c\x61\x79\x65\x72\x22\x0a\x20\x20\x20\x20\
\x20\x69\x64\x3d\x22\x6c\x61\x79\x65\x72\x31\x22\x0a\x20\x20\x20\
\x20\x20\x74\x72\x61\x6e\x73\x66\x6f\x72\x6d\x3d\x22\x74\x72\x61\
\x6e\x73\x6c\x61\x74\x65\x28\x2d\x37\x39\x2e\x37\x35\x34\x32\x35\
\x31\x2c\x2d\x33\x30\x2e\x34\x37\x34\x34\x39\x39\x29\x22\x3e\x3c\
\x70\x61\x74\x68\x0a\x20\x20\x20\x20\x20\x20\x20\x73\x74\x79\x6c\
\x65\x3d\x22\x66\x69\x6c\x6c\x3a\x23\x30\x30\x30\x30\x30\x30\x3b\
\x73\x74\x72\x6f\x6b\x65\x2d\x77\x69\x64\x74\x68\x3a\x30\x2e\x32\
\x36\x34\x35\x38\x33\x22\x0a\x20\x20\x20\x20\x20\x20\x20\x64\x3d\
\x22\x6d\x20\x38\x38\x2e\x35\x39\x37\x32\x35\x35\x2c\x34\x30\x2e\
\x32\x34\x38\x38\x33\x34\x20\x2d\x31\x2e\x35\x39\x36\x36\x39\x2c\
\x2d\x31\x2e\x35\x39\x36\x36\x39\x20\x2d\x30\x2e\x39\x37\x31\x38\
\x35\x33\x2c\x30\x2e\x34\x30\x36\x30\x37\x20\x63\x20\x2d\x31\x2e\
\x39\x31\x36\x38\x36\x34\x2c\x30\x2e\x38\x30\x30\x39\x31\x20\x2d\
\x33\x2e\x37\x32\x30\x32\x39\x32\x2c\x30\x2e\x33\x35\x36\x34\x31\
\x20\x2d\x35\x2e\x31\x34\x37\x31\x32\x2c\x2d\x31\x2e\x32\x36\x38\
\x36\x36\x20\x2d\x31\x2e\x36\x30\x31\x30\x32\x37\x2c\x2d\x31\x2e\
\x38\x32\x33\x34\x37\x20\x2d\x31\x2e\x34\x38\x39\x31\x30\x34\x2c\
\x2d\x34\x2e\x31\x32\x34\x36\x31\x20\x30\x2e\x32\x38\x36\x39\x39\
\x39\x2c\x2d\x35\x2e\x39\x30\x30\x37\x32\x20\x31\x2e\x37\x37\x36\
\x31\x30\x34\x2c\x2d\x31\x2e\x37\x37\x36\x31\x20\x34\x2e\x30\x37\
\x37\x32\x34\x36\x2c\x2d\x31\x2e\x38\x38\x38\x30\x32\x20\x35\x2e\
\x39\x30\x30\x37\x31\x35\x2c\x2d\x30\x2e\x32\x38\x36\x39\x39\x20\
\x31\x2e\x36\x39\x37\x39\x35\x31\x2c\x31\x2e\x34\x39\x30\x38\x32\
\x20\x32\x2e\x31\x31\x36\x30\x31\x38\x2c\x33\x2e\x34\x34\x35\x33\
\x39\x20\x31\x2e\x31\x34\x34\x35\x31\x39\x2c\x35\x2e\x33\x35\x30\
\x39\x33\x20\x6c\x20\x2d\x30\x2e\x35\x33\x30\x32\x30\x34\x2c\x31\
\x2e\x30\x33\x39\x39\x36\x20\x31\x2e\x36\x32\x30\x36\x32\x35\x2c\
\x31\x2e\x36\x33\x35\x31\x36\x20\x63\x20\x30\x2e\x39\x30\x34\x38\
\x30\x32\x2c\x30\x2e\x39\x31\x32\x39\x32\x20\x31\x2e\x35\x34\x31\
\x31\x32\x32\x2c\x31\x2e\x37\x36\x33\x38\x20\x31\x2e\x34\x34\x30\
\x36\x33\x31\x2c\x31\x2e\x39\x32\x36\x34\x20\x2d\x30\x2e\x32\x39\
\x34\x32\x32\x39\x2c\x30\x2e\x34\x37\x36\x30\x37\x20\x2d\x30\x2e\
\x34\x37\x37\x34\x39\x2c\x30\x2e\x33\x36\x34\x36\x37\x20\x2d\x32\
\x2e\x31\x34\x37\x36\x32\x32\x2c\x2d\x31\x2e\x33\x30\x35\x34\x36\
\x20\x7a\x20\x6d\x20\x2d\x32\x2e\x30\x33\x36\x33\x31\x35\x2c\x2d\
\x32\x2e\x30\x36\x30\x31\x38\x20\x63\x20\x31\x2e\x31\x31\x33\x33\
\x31\x31\x2c\x2d\x30\x2e\x37\x39\x32\x37\x34\x20\x31\x2e\x37\x34\
\x34\x33\x32\x39\x2c\x2d\x32\x2e\x32\x33\x37\x30\x33\x20\x31\x2e\
\x35\x38\x37\x30\x34\x34\x2c\x2d\x33\x2e\x36\x33\x32\x34\x36\x20\
\x2d\x30\x2e\x32\x35\x30\x37\x31\x33\x2c\x2d\x32\x2e\x32\x32\x34\
\x33\x32\x20\x2d\x32\x2e\x31\x32\x30\x38\x35\x34\x2c\x2d\x33\x2e\
\x37\x33\x38\x36\x38\x20\x2d\x34\x2e\x33\x31\x32\x30\x33\x36\x2c\
\x2d\x33\x2e\x34\x39\x31\x37\x20\x2d\x35\x2e\x30\x39\x38\x31\x39\
\x31\x2c\x30\x2e\x35\x37\x34\x36\x34\x20\x2d\x34\x2e\x34\x30\x35\
\x36\x32\x38\x2c\x38\x2e\x32\x30\x33\x39\x39\x20\x30\x2e\x37\x30\
\x37\x30\x39\x31\x2c\x37\x2e\x37\x38\x39\x33\x38\x20\x30\x2e\x36\
\x38\x37\x30\x35\x39\x2c\x2d\x30\x2e\x30\x35\x35\x37\x20\x31\x2e\
\x35\x37\x31\x33\x31\x2c\x2d\x30\x2e\x33\x34\x37\x32\x31\x20\x32\
\x2e\x30\x31\x37\x39\x30\x31\x2c\x2d\x30\x2e\x36\x36\x35\x32\x32\
\x20\x7a\x22\x0a\x20\x20\x20\x20\x20\x20\x20\x69\x64\x3d\x22\x70\
\x61\x74\x68\x31\x39\x31\x22\x20\x2f\x3e\x3c\x2f\x67\x3e\x3c\x2f\
\x73\x76\x67\x3e\x0a\
\x00\x00\x07\xd8\
\x3c\
\x3f\x78\x6d\x6c\x20\x76\x65\x72\x73\x69\x6f\x6e\x3d\x22\x31\x2e\
\x30\x22\x20\x65\x6e\x63\x6f\x64\x69\x6e\x67\x3d\x22\x55\x54\x46\
\x2d\x38\x22\x20\x73\x74\x61\x6e\x64\x61\x6c\x6f\x6e\x65\x3d\x22\
\x6e\x6f\x22\x3f\x3e\x0a\x3c\x21\x2d\x2d\x20\x43\x72\x65\x61\x74\
\x65\x64\x20\x77\x69\x74\x68\x20\x49\x6e\x6b\x73\x63\x61\x70\x65\
\x20\x28\x68\x74\x74\x70\x3a\x2f\x2f\x77\x77\x77\x2e\x69\x6e\x6b\
\x73\x63\x61\x70\x65\x2e\x6f\x72\x67\x2f\x29\x20\x2d\x2d\x3e\x0a\
\x0a\x3c\x73\x76\x67\x0a\x20\x20\x20\x76\x65\x72\x73\x69\x6f\x6e\
\x3d\x22\x31\x2e\x31\x22\x0a\x20\x20\x20\x69\x64\x3d\x22\x73\x76\
\x67\x33\x32\x32\x22\x0a\x20\x20\x20\x77\x69\x64\x74\x68\x3d\x22\
\x33\x32\x22\x0a\x20\x20\x20\x68\x65\x69\x67\x68\x74\x3d\x22\x33\
\x32\x22\x0a\x20\x20\x20\x76\x69\x65\x77\x42\x6f\x78\x3d\x22\x30\
\x20\x30\x20\x33\x32\x20\x33\x32\x22\x0a\x20\x20\x20\x73\x6f\x64\
\x69\x70\x6f\x64\x69\x3a\x64\x6f\x63\x6e\x61\x6d\x65\x3d\x22\x63\
\x61\x6e\x63\x65\x6c\x2e\x70\x6e\x67\x22\x0a\x20\x20\x20\x69\x6e\
\x6b\x73\x63\x61\x70\x65\x3a\x76\x65\x72\x73\x69\x6f\x6e\x3d\x22\
\x31\x2e\x32\x2e\x32\x20\x28\x62\x30\x61\x38\x34\x38\x36\x35\x34\
\x31\x2c\x20\x32\x30\x32\x32\x2d\x31\x32\x2d\x30\x31\x29\x22\x0a\
\x20\x20\x20\x78\x6d\x6c\x6e\x73\x3a\x69\x6e\x6b\x73\x63\x61\x70\
\x65\x3d\x22\x68\x74\x74\x70\x3a\x2f\x2f\x77\x77\x77\x2e\x69\x6e\
\x6b\x73\x63\x61\x70\x65\x2e\x6f\x72\x67\x2f\x6e\x61\x6d\x65\x73\
\x70\x61\x63\x65\x73\x2f\x69\x6e\x6b\x73\x63\x61\x70\x65\x22\x0a\
\x20\x20\x20\x78\x6d\x6c\x6e\x73\x3a\x73\x6f\x64\x69\x70\x6f\x64\
\x69\x3d\x22\x68\x74\x74\x70\x3a\x2f\x2f\x73\x6f\x64\x69\x70\x6f\
\x64\x69\x2e\x73\x6f\x75\x72\x63\x65\x66\x6f\x72\x67\x65\x2e\x6e\
\x65\x74\x2f\x44\x54\x44\x2f\x73\x6f\x64\x69\x70\x6f\x64\x69\x2d\
\x30\x2e\x64\x74\x64\x22\x0a\x20\x20\x20\x78\x6d\x6c\x6e\x73\x3d\
\x22\x68\x74\x74\x70\x3a\x2f\x2f\x77\x77\x77\x2e\x77\x33\x2e\x6f\
\x72\x67\x2f\x32\x30\x30\x30\x2f\x73\x76\x67\x22\x0a\x20\x20\x20\
\x78\x6d\x6c\x6e\x73\x3a\x73\x76\x67\x3d\x22\x68\x74\x74\x70\x3a\
\x2f\x2f\x77\x77\x77\x2e\x77\x33\x2e\x6f\x72\x67\x2f\x32\x30\x30\
\x30\x2f\x73\x76\x67\x22\x3e\x0a\x20\x20\x3c\x64\x65\x66\x73\x0a\
\x20\x20\x20\x20\x20\x69\x64\x3d\x22\x64\x65\x66\x73\x33\x32\x36\
\x22\x20\x2f\x3e\x0a\x20\x20\x3c\x73\x6f\x64\x69\x70\x6f\x64\x69\
\x3a\x6e\x61\x6d\x65\x64\x76\x69\x65\x77\x0a\x20\x20\x20\x20\x20\
\x69\x64\x3d\x22\x6e\x61\x6d\x65\x64\x76\x69\x65\x77\x33\x32\x34\
\x22\x0a\x20\x20\x20\x20\x20\x70\x61\x67\x65\x63\x6f\x6c\x6f\x72\
\x3d\x22\x23\x66\x66\x66\x66\x66\x66\x22\x0a\x20\x20\x20\x20\x20\
\x62\x6f\x72\x64\x65\x72\x63\x6f\x6c\x6f\x72\x3d\x22\x23\x30\x30\
\x30\x30\x30\x30\x22\x0a\x20\x20\x20\x20\x20\x62\x6f\x72\x64\x65\
\x72\x6f\x70\x61\x63\x69\x74\x79\x3d\x22\x30\x2e\x32\x35\x22\x0a\
\x20\x20\x20\x20\x20\x69\x6e\x6b\x73\x63\x61\x70\x65\x3a\x73\x68\
\x6f\x77\x70\x61\x67\x65\x73\x68\x61\x64\x6f\x77\x3d\x22\x32\x22\
\x0a\x20\x20\x20\x20\x20\x69\x6e\x6b\x73\x63\x61\x70\x65\x3a\x70\
\x61\x67\x65\x6f\x70\x61\x63\x69\x74\x79\x3d\x22\x30\x2e\x30\x22\
\x0a\x20\x20\x20\x20\x20\x69\x6e\x6b\x73\x63\x61\x70\x65\x3a\x70\
\x61\x67\x65\x63\x68\x65\x63\x6b\x65\x72\x62\x6f\x61\x72\x64\x3d\
\x22\x30\x22\x0a\x20\x20\x20\x20\x20\x69\x6e\x6b\x73\x63\x61\x70\
\x65\x3a\x64\x65\x73\x6b\x63\x6f\x6c\x6f\x72\x3d\x22\x23\x64\x31\
\x64\x31\x64\x31\x22\x0a\x20\x20\x20\x20\x20\x73\x68\x6f\x77\x67\
\x72\x69\x64\x3d\x22\x66\x61\x6c\x73\x65\x22\x0a\x20\x20\x20\x20\
\x20\x69\x6e\x6b\x73\x63\x61\x70\x65\x3a\x7a\x6f\x6f\x6d\x3d\x22\
\x31\x38\x2e\x36\x34\x39\x39\x34\x31\x22\x0a\x20\x20\x20\x20\x20\
\x69\x6e\x6b\x73\x63\x61\x70\x65\x3a\x63\x78\x3d\x22\x31\x32\x2e\
\x38\x31\x35\x30\x35\x34\x22\x0a\x20\x20\x20\x20\x20\x69\x6e\x6b\
\x73\x63\x61\x70\x65\x3a\x63\x79\x3d\x22\x31\x37\x2e\x36\x34\x30\
\x38\x30\x36\x22\x0a\x20\x20\x20\x20\x20\x69\x6e\x6b\x73\x63\x61\
\x70\x65\x3a\x77\x69\x6e\x64\x6f\x77\x2d\x77\x69\x64\x74\x68\x3d\
\x22\x31\x39\x32\x30\x22\x0a\x20\x20\x20\x20\x20\x69\x6e\x6b\x73\
\x63\x61\x70\x65\x3a\x77\x69\x6e\x64\x6f\x77\x2d\x68\x65\x69\x67\
\x68\x74\x3d\x22\x31\x30\x35\x30\x22\x0a\x20\x20\x20\x20\x20\x69\
\x6e\x6b\x73\x63\x61\x70\x65\x3a\x77\x69\x6e\x64\x6f\x77\x2d\x78\
\x3d\x22\x31\x39\x32\x30\x22\x0a\x20\x20\x20\x20\x20\x69\x6e\x6b\
\x73\x63\x61\x70\x65\x3a\x77\x69\x6e\x64\x6f\x77\x2d\x79\x3d\x22\
\x30\x22\x0a\x20\x20\x20\x20\x20\x69\x6e\x6b\x73\x63\x61\x70\x65\
\x3a\x77\x69\x6e\x64\x6f\x77\x2d\x6d\x61\x78\x69\x6d\x69\x7a\x65\
\x64\x3d\x22\x31\x22\x0a\x20\x20\x20\x20\x20\x69\x6e\x6b\x73\x63\
\x61\x70\x65\x3a\x63\x75\x72\x72\x65\x6e\x74\x2d\x6c\x61\x79\x65\
\x72\x3d\x22\x73\x76\x67\x33\x32\x32\x22\x20\x2f\x3e\x0a\x20\x20\
\x3c\x72\x65\x63\x74\x0a\x20\x20\x20\x20\x20\x73\x74\x79\x6c\x65\
\x3d\x22\x66\x69\x6c\x6c\x3a\x23\x30\x30\x30\x30\x30\x30\x3b\x66\
\x69\x6c\x6c\x2d\x6f\x70\x61\x63\x69\x74\x79\x3a\x31\x3b\x73\x74\
\x72\x6f\x6b\x65\x3a\x6e\x6f\x6e\x65\x3b\x73\x74\x72\x6f\x6b\x65\
\x2d\x77\x69\x64\x74\x68\x3a\x37\x30\x38\x32\x2e\x36\x22\x0a\x20\
\x20\x20\x20\x20\x69\x64\x3d\x22\x72\x65\x63\x74\x31\x34\x32\x38\
\x22\x0a\x20\x20\x20\x20\x20\x77\x69\x64\x74\x68\x3d\x22\x31\x37\
\x2e\x32\x36\x30\x33\x36\x35\x22\x0a\x20\x20\x20\x20\x20\x68\x65\
\x69\x67\x68\x74\x3d\x22\x31\x32\x2e\x33\x38\x31\x31\x36\x35\x22\
\x0a\x20\x20\x20\x20\x20\x78\x3d\x22\x37\x2e\x37\x37\x35\x30\x33\
\x33\x22\x0a\x20\x20\x20\x20\x20\x79\x3d\x22\x39\x2e\x30\x36\x30\
\x34\x32\x32\x39\x22\x0a\x20\x20\x20\x20\x20\x72\x79\x3d\x22\x32\
\x2e\x32\x30\x34\x30\x35\x38\x32\x22\x20\x2f\x3e\x0a\x20\x20\x3c\
\x72\x65\x63\x74\x0a\x20\x20\x20\x20\x20\x73\x74\x79\x6c\x65\x3d\
\x22\x66\x69\x6c\x6c\x3a\x23\x66\x66\x66\x66\x66\x66\x3b\x66\x69\
\x6c\x6c\x2d\x6f\x70\x61\x63\x69\x74\x79\x3a\x31\x3b\x73\x74\x72\
\x6f\x6b\x65\x3a\x6e\x6f\x6e\x65\x3b\x73\x74\x72\x6f\x6b\x65\x2d\
\x77\x69\x64\x74\x68\x3a\x34\x32\x37\x38\x2e\x30\x32\x22\x0a\x20\
\x20\x20\x20\x20\x69\x64\x3d\x22\x72\x65\x63\x74\x31\x34\x33\x30\
\x22\x0a\x20\x20\x20\x20\x20\x77\x69\x64\x74\x68\x3d\x22\x31\x30\
\x2e\x30\x35\x33\x35\x32\x34\x22\x0a\x20\x20\x20\x20\x20\x68\x65\
\x69\x67\x68\x74\x3d\x22\x30\x2e\x37\x38\x39\x35\x32\x33\x37\x32\
\x22\x0a\x20\x20\x20\x20\x20\x78\x3d\x22\x2d\x31\x2e\x36\x37\x30\
\x34\x31\x37\x34\x22\x0a\x20\x20\x20\x20\x20\x79\x3d\x22\x32\x31\
\x2e\x34\x38\x33\x35\x36\x36\x22\x0a\x20\x20\x20\x20\x20\x72\x79\
\x3d\x22\x30\x2e\x33\x39\x34\x37\x36\x31\x38\x36\x22\x0a\x20\x20\
\x20\x20\x20\x72\x78\x3d\x22\x30\x22\x0a\x20\x20\x20\x20\x20\x74\
\x72\x61\x6e\x73\x66\x6f\x72\x6d\x3d\x22\x6d\x61\x74\x72\x69\x78\
\x28\x30\x2e\x37\x37\x31\x30\x39\x31\x39\x34\x2c\x2d\x30\x2e\x36\
\x33\x36\x37\x32\x33\x38\x32\x2c\x30\x2e\x36\x32\x39\x39\x33\x34\
\x39\x31\x2c\x30\x2e\x37\x37\x36\x36\x34\x37\x39\x33\x2c\x30\x2c\
\x30\x29\x22\x20\x2f\x3e\x0a\x20\x20\x3c\x72\x65\x63\x74\x0a\x20\
\x20\x20\x20\x20\x73\x74\x79\x6c\x65\x3d\x22\x66\x69\x6c\x6c\x3a\
\x23\x66\x66\x66\x66\x66\x66\x3b\x66\x69\x6c\x6c\x2d\x6f\x70\x61\
\x63\x69\x74\x79\x3a\x31\x3b\x73\x74\x72\x6f\x6b\x65\x3a\x6e\x6f\
\x6e\x65\x3b\x73\x74\x72\x6f\x6b\x65\x2d\x77\x69\x64\x74\x68\x3a\
\x34\x37\x33\x32\x2e\x32\x32\x22\x0a\x20\x20\x20\x20\x20\x69\x64\
\x3d\x22\x72\x65\x63\x74\x31\x34\x38\x36\x22\x0a\x20\x20\x20\x20\
\x20\x77\x69\x64\x74\x68\x3d\x22\x31\x30\x2e\x31\x30\x32\x37\x32\
\x31\x22\x0a\x20\x20\x20\x20\x20\x68\x65\x69\x67\x68\x74\x3d\x22\
\x30\x2e\x37\x39\x35\x37\x35\x38\x34\x39\x22\x0a\x20\x20\x20\x20\
\x20\x78\x3d\x22\x31\x37\x2e\x35\x36\x32\x36\x36\x36\x22\x0a\x20\
\x20\x20\x20\x20\x79\x3d\x22\x2d\x30\x2e\x32\x39\x37\x39\x31\x30\
\x32\x34\x22\x0a\x20\x20\x20\x20\x20\x72\x79\x3d\x22\x30\x2e\x32\
\x36\x34\x34\x39\x35\x38\x32\x22\x0a\x20\x20\x20\x20\x20\x72\x78\
\x3d\x22\x30\x22\x0a\x20\x20\x20\x20\x20\x74\x72\x61\x6e\x73\x66\
\x6f\x72\x6d\x3d\x22\x6d\x61\x74\x72\x69\x78\x28\x30\x2e\x37\x34\
\x39\x30\x36\x39\x35\x37\x2c\x30\x2e\x36\x36\x32\x34\x39\x31\x33\
\x35\x2c\x2d\x30\x2e\x37\x37\x31\x38\x35\x34\x34\x38\x2c\x30\x2e\
\x36\x33\x35\x37\x39\x39\x32\x33\x2c\x30\x2c\x30\x29\x22\x0a\x20\
\x20\x20\x20\x20\x69\x6e\x6b\x73\x63\x61\x70\x65\x3a\x74\x72\x61\
\x6e\x73\x66\x6f\x72\x6d\x2d\x63\x65\x6e\x74\x65\x72\x2d\x78\x3d\
\x22\x2d\x30\x2e\x33\x35\x38\x37\x32\x33\x37\x34\x22\x0a\x20\x20\
\x20\x20\x20\x69\x6e\x6b\x73\x63\x61\x70\x65\x3a\x74\x72\x61\x6e\
\x73\x66\x6f\x72\x6d\x2d\x63\x65\x6e\x74\x65\x72\x2d\x79\x3d\x22\
\x2d\x30\x2e\x35\x38\x33\x37\x37\x32\x38\x32\x22\x20\x2f\x3e\x0a\
\x3c\x2f\x73\x76\x67\x3e\x0a\
\x00\x00\x02\xb4\
\x3c\
\x3f\x78\x6d\x6c\x20\x76\x65\x72\x73\x69\x6f\x6e\x3d\x22\x31\x2e\
\x30\x22\x20\x65\x6e\x63\x6f\x64\x69\x6e\x67\x3d\x22\x55\x54\x46\
\x2d\x38\x22\x20\x73\x74\x61\x6e\x64\x61\x6c\x6f\x6e\x65\x3d\x22\
\x6e\x6f\x22\x3f\x3e\x0a\x3c\x73\x76\x67\x0a\x20\x20\x20\x20\x77\
\x69\x64\x74\x68\x3d\x22\x32\x34\x22\x0a\x20\x20\x20\x20\x68\x65\
\x69\x67\x68\x74\x3d\x22\x32\x34\x22\x0a\x20\x20\x20\x20\x76\x69\
\x65\x77\x42\x6f\x78\x3d\x22\x30\x20\x30\x20\x32\x34\x20\x32\x34\
\x22\x0a\x20\x20\x20\x20\x76\x65\x72\x73\x69\x6f\x6e\x3d\x22\x31\
\x2e\x31\x22\x0a\x20\x20\x20\x20\x78\x6d\x6c\x6e\x73\x3d\x22\x68\
\x74\x74\x70\x3a\x2f\x2f\x77\x77\x77\x2e\x77\x33\x2e\x6f\x72\x67\
\x2f\x32\x30\x30\x30\x2f\x73\x76\x67\x22\x3e\x0a\x0a\x20\x20\x20\
\x20\x3c\x21\x2d\x2d\x20\x42\x6c\x61\x63\x6b\x20\x72\x6f\x75\x6e\
\x64\x65\x64\x20\x62\x61\x63\x6b\x67\x72\x6f\x75\x6e\x64\x20\x2d\
\x2d\x3e\x0a\x20\x20\x20\x20\x3c\x72\x65\x63\x74\x0a\x20\x20\x20\
\x20\x20\x20\x20\x20\x78\x3d\x22\x32\x22\x0a\x20\x20\x20\x20\x20\
\x20\x20\x20\x79\x3d\x22\x33\x22\x0a\x20\x20\x20\x20\x20\x20\x20\
\x20\x77\x69\x64\x74\x68\x3d\x22\x32\x30\x22\x0a\x20\x20\x20\x20\
\x20\x20\x20\x20\x68\x65\x69\x67\x68\x74\x3d\x22\x31\x38\x22\x0a\
\x20\x20\x20\x20\x20\x20\x20\x20\x72\x78\x3d\x22\x32\x2e\x35\x22\
\x0a\x20\x20\x20\x20\x20\x20\x20\x20\x72\x79\x3d\x22\x32\x2e\x35\
\x22\x0a\x20\x20\x20\x20\x20\x20\x20\x20\x66\x69\x6c\x6c\x3d\x22\
\x23\x30\x30\x30\x30\x30\x30\x22\x2f\x3e\x0a\x0a\x20\x20\x20\x20\
\x3c\x21\x2d\x2d\x20\x57\x68\x69\x74\x65\x20\x58\x20\x2d\x2d\x3e\
\x0a\x20\x20\x20\x20\x3c\x6c\x69\x6e\x65\x0a\x20\x20\x20\x20\x20\
\x20\x20\x20\x78\x31\x3d\x22\x38\x22\x0a\x20\x20\x20\x20\x20\x20\
\x20\x20\x79\x31\x3d\x22\x38\x22\x0a\x20\x20\x20\x20\x20\x20\x20\
\x20\x78\x32\x3d\x22\x31\x36\x22\x0a\x20\x20\x20\x20\x20\x20\x20\
\x20\x79\x32\x3d\x22\x31\x36\x22\x0a\x20\x20\x20\x20\x20\x20\x20\
\x20\x73\x74\x72\x6f\x6b\x65\x3d\x22\x23\x66\x66\x66\x66\x66\x66\
\x22\x0a\x20\x20\x20\x20\x20\x20\x20\x20\x73\x74\x72\x6f\x6b\x65\
\x2d\x77\x69\x64\x74\x68\x3d\x22\x32\x2e\x32\x22\x0a\x20\x20\x20\
\x20\x20\x20\x20\x20\x73\x74\x72\x6f\x6b\x65\x2d\x6c\x69\x6e\x65\
\x63\x61\x70\x3d\x22\x72\x6f\x75\x6e\x64\x22\x2f\x3e\x0a\x0a\x20\
\x20\x20\x20\x3c\x6c\x69\x6e\x65\x0a\x20\x20\x20\x20\x20\x20\x20\
\x20\x78\x31\x3d\x22\x31\x36\x22\x0a\x20\x20\x20\x20\x20\x20\x20\
\x20\x79\x31\x3d\x22\x38\x22\x0a\x20\x20\x20\x20\x20\x20\x20\x20\
\x78\x32\x3d\x22\x38\x22\x0a\x20\x20\x20\x20\x20\x20\x20\x20\x79\
\x32\x3d\x22\x31\x36\x22\x0a\x20\x20\x20\x20\x20\x20\x20\x20\x73\
\x74\x72\x6f\x6b\x65\x3d\x22\x23\x66\x66\x66\x66\x66\x66\x22\x0a\
\x20\x20\x20\x20\x20\x20\x20\x20\x73\x74\x72\x6f\x6b\x65\x2d\x77\
\x69\x64\x74\x68\x3d\x22\x32\x2e\x32\x22\x0a\x20\x20\x20\x20\x20\
\x20\x20\x20\x73\x74\x72\x6f\x6b\x65\x2d\x6c\x69\x6e\x65\x63\x61\
\x70\x3d\x22\x72\x6f\x75\x6e\x64\x22\x2f\x3e\x0a\x0a\x3c\x2f\x73\
\x76\x67\x3e\
\x00\x00\x0b\x1b\
\x3c\
\x3f\x78\x6d\x6c\x20\x76\x65\x72\x73\x69\x6f\x6e\x3d\x22\x31\x2e\
\x30\x22\x20\x65\x6e\x63\x6f\x64\x69\x6e\x67\x3d\x22\x55\x54\x46\
\x2d\x38\x22\x20\x73\x74\x61\x6e\x64\x61\x6c\x6f\x6e\x65\x3d\x22\
\x6e\x6f\x22\x3f\x3e\x0a\x3c\x21\x2d\x2d\x20\x43\x72\x65\x61\x74\
\x65\x64\x20\x77\x69\x74\x68\x20\x49\x6e\x6b\x73\x63\x61\x70\x65\
\x20\x28\x68\x74\x74\x70\x3a\x2f\x2f\x77\x77\x77\x2e\x69\x6e\x6b\
\x73\x63\x61\x70\x65\x2e\x6f\x72\x67\x2f\x29\x20\x2d\x2d\x3e\x0a\
\x0a\x3c\x73\x76\x67\x0a\x20\x20\x20\x77\x69\x64\x74\x68\x3d\x22\
\x38\x36\x2e\x31\x39\x33\x32\x33\x6d\x6d\x22\x0a\x20\x20\x20\x68\
\x65\x69\x67\x68\x74\x3d\x22\x31\x30\x34\x2e\x34\x33\x33\x30\x32\
\x6d\x6d\x22\x0a\x20\x20\x20\x76\x69\x65\x77\x42\x6f\x78\x3d\x22\
\x30\x20\x30\x20\x38\x36\x2e\x31\x39\x33\x32\x33\x20\x31\x30\x34\
\x2e\x34\x33\x33\x30\x32\x22\x0a\x20\x20\x20\x76\x65\x72\x73\x69\
\x6f\x6e\x3d\x22\x31\x2e\x31\x22\x0a\x20\x20\x20\x69\x64\x3d\x22\
\x73\x76\x67\x35\x22\x0a\x20\x20\x20\x78\x6d\x6c\x3a\x73\x70\x61\
\x63\x65\x3d\x22\x70\x72\x65\x73\x65\x72\x76\x65\x22\x0a\x20\x20\
\x20\x69\x6e\x6b\x73\x63\x61\x70\x65\x3a\x76\x65\x72\x73\x69\x6f\
\x6e\x3d\x22\x31\x2e\x32\x2e\x32\x20\x28\x62\x30\x61\x38\x34\x38\
\x36\x35\x34\x31\x2c\x20\x32\x30\x32\x32\x2d\x31\x32\x2d\x30\x31\
\x29\x22\x0a\x20\x20\x20\x73\x6f\x64\x69\x70\x6f\x64\x69\x3a\x64\
\x6f\x63\x6e\x61\x6d\x65\x3d\x22\x62\x6f\x6f\x6b\x69\x6e\x67\x73\
\x2e\x73\x76\x67\x22\x0a\x20\x20\x20\x78\x6d\x6c\x6e\x73\x3a\x69\
\x6e\x6b\x73\x63\x61\x70\x65\x3d\x22\x68\x74\x74\x70\x3a\x2f\x2f\
\x77\x77\x77\x2e\x69\x6e\x6b\x73\x63\x61\x70\x65\x2e\x6f\x72\x67\
\x2f\x6e\x61\x6d\x65\x73\x70\x61\x63\x65\x73\x2f\x69\x6e\x6b\x73\
\x63\x61\x70\x65\x22\x0a\x20\x20\x20\x78\x6d\x6c\x6e\x73\x3a\x73\
\x6f\x64\x69\x70\x6f\x64\x69\x3d\x22\x68\x74\x74\x70\x3a\x2f\x2f\
\x73\x6f\x64\x69\x70\x6f\x64\x69\x2e\x73\x6f\x75\x72\x63\x65\x66\
\x6f\x72\x67\x65\x2e\x6e\x65\x74\x2f\x44\x54\x44\x2f\x73\x6f\x64\
\x69\x70\x6f\x64\x69\x2d\x30\x2e\x64\x74\x64\x22\x0a\x20\x20\x20\
\x78\x6d\x6c\x6e\x73\x3d\x22\x68\x74\x74\x70\x3a\x2f\x2f\x77\x77\
\x77\x2e\x77\x33\x2e\x6f\x72\x67\x2f\x32\x30\x30\x30\x2f\x73\x76\
\x67\x22\x0a\x20\x20\x20\x78\x6d\x6c\x6e\x73\x3a\x73\x76\x67\x3d\
\x22\x68\x74\x74\x70\x3a\x2f\x2f\x77\x77\x77\x2e\x77\x33\x2e\x6f\
\x72\x67\x2f\x32\x30\x30\x30\x2f\x73\x76\x67\x22\x3e\x3c\x73\x6f\
\x64\x69\x70\x6f\x64\x69\x3a\x6e\x61\x6d\x65\x64\x76\x69\x65\x77\
\x0a\x20\x20\x20\x20\x20\x69\x64\x3d\x22\x6e\x61\x6d\x65\x64\x76\
\x69\x65\x77\x37\x22\x0a\x20\x20\x20\x20\x20\x70\x61\x67\x65\x63\
\x6f\x6c\x6f\x72\x3d\x22\x23\x66\x66\x66\x66\x66\x66\x22\x0a\x20\
\x20\x20\x20\x20\x62\x6f\x72\x64\x65\x72\x63\x6f\x6c\x6f\x72\x3d\
\x22\x23\x30\x30\x30\x30\x30\x30\x22\x0a\x20\x20\x20\x20\x20\x62\
\x6f\x72\x64\x65\x72\x6f\x70\x61\x63\x69\x74\x79\x3d\x22\x30\x2e\
\x32\x35\x22\x0a\x20\x20\x20\x20\x20\x69\x6e\x6b\x73\x63\x61\x70\
\x65\x3a\x73\x68\x6f\x77\x70\x61\x67\x65\x73\x68\x61\x64\x6f\x77\
\x3d\x22\x32\x22\x0a\x20\x20\x20\x20\x20\x69\x6e\x6b\x73\x63\x61\
\x70\x65\x3a\x70\x61\x67\x65\x6f\x70\x61\x63\x69\x74\x79\x3d\x22\
\x30\x2e\x30\x22\x0a\x20\x20\x20\x20\x20\x69\x6e\x6b\x73\x63\x61\
\x70\x65\x3a\x70\x61\x67\x65\x63\x68\x65\x63\x6b\x65\x72\x62\x6f\
\x61\x72\x64\x3d\x22\x30\x22\x0a\x20\x20\x20\x20\x20\x69\x6e\x6b\
\x73\x63\x61\x70\x65\x3a\x64\x65\x73\x6b\x63\x6f\x6c\x6f\x72\x3d\
\x22\x23\x64\x31\x64\x31\x64\x31\x22\x0a\x20\x20\x20\x20\x20\x69\
\x6e\x6b\x73\x63\x61\x70\x65\x3a\x64\x6f\x63\x75\x6d\x65\x6e\x74\
\x2d\x75\x6e\x69\x74\x73\x3d\x22\x6d\x6d\x22\x0a\x20\x20\x20\x20\
\x20\x73\x68\x6f\x77\x67\x72\x69\x64\x3d\x22\x66\x61\x6c\x73\x65\
\x22\x0a\x20\x20\x20\x20\x20\x69\x6e\x6b\x73\x63\x61\x70\x65\x3a\
\x7a\x6f\x6f\x6d\x3d\x22\x30\x2e\x35\x39\x34\x36\x35\x32\x32\x22\
\x0a\x20\x20\x20\x20\x20\x69\x6e\x6b\x73\x63\x61\x70\x65\x3a\x63\
\x78\x3d\x22\x2d\x32\x30\x36\x2e\x38\x34\x33\x36\x22\x0a\x20\x20\
\x20\x20\x20\x69\x6e\x6b\x73\x63\x61\x70\x65\x3a\x63\x79\x3d\x22\
\x32\x32\x30\x2e\x32\x39\x36\x38\x34\x22\x0a\x20\x20\x20\x20\x20\
\x69\x6e\x6b\x73\x63\x61\x70\x65\x3a\x77\x69\x6e\x64\x6f\x77\x2d\
\x77\x69\x64\x74\x68\x3d\x22\x31\x36\x38\x30\x22\x0a\x20\x20\x20\
\x20\x20\x69\x6e\x6b\x73\x63\x61\x70\x65\x3a\x77\x69\x6e\x64\x6f\
\x77\x2d\x68\x65\x69\x67\x68\x74\x3d\x22\x31\x30\x31\x38\x22\x0a\
\x20\x20\x20\x20\x20\x69\x6e\x6b\x73\x63\x61\x70\x65\x3a\x77\x69\
\x6e\x64\x6f\x77\x2d\x78\x3d\x22\x30\x22\x0a\x20\x20\x20\x20\x20\
\x69\x6e\x6b\x73\x63\x61\x70\x65\x3a\x77\x69\x6e\x64\x6f\x77\x2d\
\x79\x3d\x22\x30\x22\x0a\x20\x20\x20\x20\x20\x69\x6e\x6b\x73\x63\
\x61\x70\x65\x3a\x77\x69\x6e\x64\x6f\x77\x2d\x6d\x61\x78\x69\x6d\
\x69\x7a\x65\x64\x3d\x22\x31\x22\x0a\x20\x20\x20\x20\x20\x69\x6e\
\x6b\x73\x63\x61\x70\x65\x3a\x63\x75\x72\x72\x65\x6e\x74\x2d\x6c\
\x61\x79\x65\x72\x3d\x22\x6c\x61\x79\x65\x72\x31\x22\x20\x2f\x3e\
\x3c\x64\x65\x66\x73\x0a\x20\x20\x20\x20\x20\x69\x64\x3d\x22\x64\
\x65\x66\x73\x32\x22\x20\x2f\x3e\x3c\x67\x0a\x20\x20\x20\x20\x20\
\x69\x6e\x6b\x73\x63\x61\x70\x65\x3a\x6c\x61\x62\x65\x6c\x3d\x22\
\x4c\x61\x79\x65\x72\x20\x31\x22\x0a\x20\x20\x20\x20\x20\x69\x6e\
\x6b\x73\x63\x61\x70\x65\x3a\x67\x72\x6f\x75\x70\x6d\x6f\x64\x65\
\x3d\x22\x6c\x61\x79\x65\x72\x22\x0a\x20\x20\x20\x20\x20\x69\x64\
\x3d\x22\x6c\x61\x79\x65\x72\x31\x22\x0a\x20\x20\x20\x20\x20\x74\
\x72\x61\x6e\x73\x66\x6f\x72\x6d\x3d\x22\x74\x72\x61\x6e\x73\x6c\
\x61\x74\x65\x28\x2d\x34\x37\x2e\x36\x33\x31\x35\x36\x2c\x2d\x39\
\x34\x2e\x35\x30\x39\x32\x34\x29\x22\x3e\x3c\x70\x61\x74\x68\x0a\
\x20\x20\x20\x20\x20\x20\x20\x73\x74\x79\x6c\x65\x3d\x22\x66\x69\
\x6c\x6c\x3a\x23\x30\x30\x30\x30\x30\x30\x3b\x73\x74\x72\x6f\x6b\
\x65\x2d\x77\x69\x64\x74\x68\x3a\x31\x2e\x31\x36\x34\x37\x38\x22\
\x0a\x20\x20\x20\x20\x20\x20\x20\x64\x3d\x22\x6d\x20\x37\x32\x2e\
\x32\x37\x38\x33\x36\x37\x2c\x31\x39\x37\x2e\x39\x33\x32\x38\x31\
\x20\x63\x20\x2d\x30\x2e\x39\x33\x31\x31\x32\x38\x2c\x2d\x30\x2e\
\x39\x33\x31\x31\x31\x20\x2d\x31\x2e\x33\x35\x31\x32\x33\x35\x2c\
\x2d\x38\x2e\x32\x39\x31\x36\x39\x20\x2d\x31\x2e\x33\x35\x31\x32\
\x33\x35\x2c\x2d\x32\x33\x2e\x36\x37\x34\x32\x37\x20\x30\x2c\x2d\
\x32\x39\x2e\x36\x37\x37\x35\x35\x20\x2d\x30\x2e\x38\x34\x36\x33\
\x34\x2c\x2d\x32\x38\x2e\x34\x36\x31\x30\x38\x20\x31\x39\x2e\x38\
\x30\x31\x31\x35\x2c\x2d\x32\x38\x2e\x34\x36\x31\x30\x38\x20\x32\
\x30\x2e\x36\x34\x37\x34\x37\x38\x2c\x30\x20\x31\x39\x2e\x38\x30\
\x31\x31\x34\x38\x2c\x2d\x31\x2e\x32\x31\x36\x34\x37\x20\x31\x39\
\x2e\x38\x30\x31\x31\x34\x38\x2c\x32\x38\x2e\x34\x36\x31\x30\x38\
\x20\x30\x2c\x31\x35\x2e\x30\x32\x31\x34\x37\x20\x2d\x30\x2e\x34\
\x32\x39\x38\x37\x2c\x32\x32\x2e\x37\x35\x32\x39\x31\x20\x2d\x31\
\x2e\x33\x31\x34\x32\x34\x2c\x32\x33\x2e\x36\x33\x37\x32\x38\x20\
\x2d\x30\x2e\x39\x37\x35\x38\x2c\x30\x2e\x39\x37\x35\x37\x39\x20\
\x2d\x33\x2e\x34\x36\x33\x30\x39\x2c\x30\x2e\x32\x35\x30\x39\x36\
\x20\x2d\x39\x2e\x36\x35\x38\x37\x36\x32\x2c\x2d\x32\x2e\x38\x31\
\x34\x37\x35\x20\x6c\x20\x2d\x38\x2e\x33\x34\x34\x35\x32\x31\x2c\
\x2d\x34\x2e\x31\x32\x38\x39\x38\x20\x2d\x38\x2e\x31\x30\x34\x30\
\x33\x36\x2c\x33\x2e\x37\x36\x36\x36\x32\x20\x63\x20\x2d\x34\x2e\
\x34\x35\x37\x32\x31\x33\x2c\x32\x2e\x30\x37\x31\x36\x34\x20\x2d\
\x38\x2e\x34\x31\x33\x32\x33\x34\x2c\x33\x2e\x39\x34\x36\x33\x34\
\x20\x2d\x38\x2e\x37\x39\x31\x31\x35\x33\x2c\x34\x2e\x31\x36\x35\
\x39\x37\x20\x2d\x30\x2e\x33\x37\x37\x39\x31\x38\x2c\x30\x2e\x32\
\x31\x39\x36\x35\x20\x2d\x31\x2e\x32\x39\x35\x31\x37\x32\x2c\x2d\
\x30\x2e\x32\x30\x38\x36\x39\x20\x2d\x32\x2e\x30\x33\x38\x33\x35\
\x31\x2c\x2d\x30\x2e\x39\x35\x31\x38\x37\x20\x7a\x20\x6d\x20\x31\
\x30\x2e\x32\x39\x36\x34\x39\x38\x2c\x2d\x38\x2e\x34\x35\x36\x33\
\x34\x20\x63\x20\x33\x2e\x31\x36\x30\x35\x32\x39\x2c\x2d\x31\x2e\
\x36\x30\x31\x35\x36\x20\x36\x2e\x38\x32\x39\x35\x36\x36\x2c\x2d\
\x32\x2e\x39\x31\x31\x39\x34\x20\x38\x2e\x31\x35\x33\x34\x31\x37\
\x2c\x2d\x32\x2e\x39\x31\x31\x39\x34\x20\x31\x2e\x33\x32\x33\x38\
\x34\x31\x2c\x30\x20\x34\x2e\x39\x39\x32\x38\x37\x35\x2c\x31\x2e\
\x33\x31\x30\x33\x38\x20\x38\x2e\x31\x35\x33\x34\x31\x35\x2c\x32\
\x2e\x39\x31\x31\x39\x34\x20\x33\x2e\x31\x36\x30\x35\x33\x33\x2c\
\x31\x2e\x36\x30\x31\x35\x36\x20\x36\x2e\x30\x32\x35\x39\x31\x33\
\x2c\x32\x2e\x39\x31\x31\x39\x33\x20\x36\x2e\x33\x36\x37\x35\x33\
\x33\x2c\x32\x2e\x39\x31\x31\x39\x33\x20\x30\x2e\x38\x36\x34\x34\
\x37\x2c\x30\x20\x30\x2e\x37\x38\x33\x34\x33\x2c\x2d\x33\x37\x2e\
\x38\x32\x33\x39\x36\x20\x2d\x30\x2e\x30\x38\x35\x39\x2c\x2d\x34\
\x30\x2e\x30\x38\x39\x34\x32\x20\x2d\x31\x2e\x30\x35\x32\x30\x33\
\x2c\x2d\x32\x2e\x37\x34\x31\x35\x33\x20\x2d\x32\x37\x2e\x38\x31\
\x38\x30\x38\x32\x2c\x2d\x32\x2e\x37\x34\x31\x35\x33\x20\x2d\x32\
\x38\x2e\x38\x37\x30\x31\x30\x36\x2c\x30\x20\x2d\x30\x2e\x38\x36\
\x39\x33\x33\x38\x2c\x32\x2e\x32\x36\x35\x34\x36\x20\x2d\x30\x2e\
\x39\x35\x30\x33\x38\x37\x2c\x34\x30\x2e\x30\x38\x39\x34\x32\x20\
\x2d\x30\x2e\x30\x38\x35\x39\x2c\x34\x30\x2e\x30\x38\x39\x34\x32\
\x20\x30\x2e\x33\x34\x31\x36\x31\x35\x2c\x30\x20\x33\x2e\x32\x30\
\x37\x30\x30\x31\x2c\x2d\x31\x2e\x33\x31\x30\x33\x37\x20\x36\x2e\
\x33\x36\x37\x35\x33\x2c\x2d\x32\x2e\x39\x31\x31\x39\x33\x20\x7a\
\x20\x6d\x20\x2d\x33\x34\x2e\x38\x39\x36\x38\x30\x36\x2c\x2d\x33\
\x34\x2e\x36\x35\x32\x30\x31\x20\x30\x2e\x30\x34\x36\x33\x36\x2c\
\x2d\x33\x34\x2e\x30\x36\x39\x36\x33\x20\x32\x31\x2e\x35\x35\x37\
\x31\x34\x33\x2c\x2d\x31\x33\x2e\x31\x32\x32\x37\x39\x20\x32\x31\
\x2e\x35\x35\x37\x31\x35\x34\x2c\x2d\x31\x33\x2e\x31\x32\x32\x38\
\x20\x32\x31\x2e\x34\x35\x35\x36\x33\x34\x2c\x31\x33\x2e\x31\x32\
\x32\x38\x20\x32\x31\x2e\x34\x35\x35\x36\x34\x2c\x31\x33\x2e\x31\
\x32\x32\x37\x39\x20\x30\x2e\x30\x33\x37\x34\x2c\x33\x34\x2e\x30\
\x36\x39\x36\x33\x20\x30\x2e\x30\x33\x37\x34\x2c\x33\x34\x2e\x30\
\x36\x39\x36\x32\x20\x68\x20\x2d\x39\x2e\x34\x30\x33\x35\x39\x20\
\x63\x20\x2d\x38\x2e\x33\x32\x37\x30\x38\x2c\x30\x20\x2d\x39\x2e\
\x33\x35\x39\x31\x39\x2c\x2d\x30\x2e\x32\x33\x33\x33\x35\x20\x2d\
\x39\x2e\x30\x31\x35\x36\x38\x2c\x2d\x32\x2e\x30\x33\x38\x33\x35\
\x20\x30\x2e\x33\x30\x36\x2c\x2d\x31\x2e\x36\x30\x37\x39\x20\x31\
\x2e\x37\x39\x39\x38\x37\x2c\x2d\x32\x2e\x31\x31\x32\x31\x33\x20\
\x37\x2e\x30\x37\x34\x30\x34\x2c\x2d\x32\x2e\x33\x38\x37\x36\x38\
\x20\x6c\x20\x36\x2e\x36\x38\x36\x31\x33\x2c\x2d\x30\x2e\x33\x34\
\x39\x33\x32\x20\x76\x20\x2d\x33\x30\x2e\x31\x35\x37\x39\x34\x20\
\x2d\x33\x30\x2e\x31\x35\x37\x39\x35\x20\x6c\x20\x2d\x31\x37\x2e\
\x38\x34\x33\x36\x38\x2c\x2d\x31\x31\x2e\x30\x38\x39\x32\x33\x20\
\x63\x20\x2d\x39\x2e\x38\x31\x34\x30\x32\x2c\x2d\x36\x2e\x30\x39\
\x39\x30\x38\x20\x2d\x31\x38\x2e\x35\x39\x33\x35\x2c\x2d\x31\x31\
\x2e\x33\x36\x34\x36\x39\x20\x2d\x31\x39\x2e\x35\x30\x39\x39\x35\
\x39\x2c\x2d\x31\x31\x2e\x37\x30\x31\x33\x35\x20\x2d\x30\x2e\x39\
\x31\x36\x34\x34\x37\x2c\x2d\x30\x2e\x33\x33\x36\x36\x35\x20\x2d\
\x31\x30\x2e\x30\x35\x32\x36\x33\x35\x2c\x34\x2e\x35\x36\x38\x37\
\x33\x20\x2d\x32\x30\x2e\x33\x30\x32\x36\x33\x37\x2c\x31\x30\x2e\
\x39\x30\x30\x38\x37\x20\x6c\x20\x2d\x31\x38\x2e\x36\x33\x36\x33\
\x37\x35\x2c\x31\x31\x2e\x35\x31\x32\x39\x36\x20\x2d\x30\x2e\x33\
\x31\x30\x34\x31\x34\x2c\x33\x30\x2e\x33\x34\x35\x37\x35\x20\x2d\
\x30\x2e\x33\x31\x30\x34\x32\x35\x2c\x33\x30\x2e\x33\x34\x35\x37\
\x34\x20\x36\x2e\x37\x30\x35\x33\x35\x31\x2c\x30\x2e\x33\x34\x39\
\x39\x20\x63\x20\x35\x2e\x32\x39\x32\x32\x33\x35\x2c\x30\x2e\x32\
\x37\x36\x31\x36\x20\x36\x2e\x37\x38\x37\x31\x30\x34\x2c\x30\x2e\
\x37\x37\x39\x34\x36\x20\x37\x2e\x30\x39\x33\x32\x36\x39\x2c\x32\
\x2e\x33\x38\x38\x32\x35\x20\x30\x2e\x33\x34\x33\x35\x31\x32\x2c\
\x31\x2e\x38\x30\x35\x20\x2d\x30\x2e\x36\x38\x38\x36\x30\x35\x2c\
\x32\x2e\x30\x33\x38\x33\x35\x20\x2d\x39\x2e\x30\x31\x35\x36\x36\
\x36\x2c\x32\x2e\x30\x33\x38\x33\x35\x20\x48\x20\x34\x37\x2e\x36\
\x33\x31\x35\x36\x20\x5a\x22\x0a\x20\x20\x20\x20\x20\x20\x20\x69\
\x64\x3d\x22\x70\x61\x74\x68\x33\x36\x31\x30\x22\x20\x2f\x3e\x3c\
\x2f\x67\x3e\x3c\x2f\x73\x76\x67\x3e\x0a\
\x00\x00\x07\x88\
\x3c\
\x3f\x78\x6d\x6c\x20\x76\x65\x72\x73\x69\x6f\x6e\x3d\x22\x31\x2e\
\x30\x22\x20\x65\x6e\x63\x6f\x64\x69\x6e\x67\x3d\x22\x55\x54\x46\
\x2d\x38\x22\x20\x73\x74\x61\x6e\x64\x61\x6c\x6f\x6e\x65\x3d\x22\
\x6e\x6f\x22\x3f\x3e\x0a\x3c\x21\x2d\x2d\x20\x43\x72\x65\x61\x74\
\x65\x64\x20\x77\x69\x74\x68\x20\x49\x6e\x6b\x73\x63\x61\x70\x65\
\x20\x28\x68\x74\x74\x70\x3a\x2f\x2f\x77\x77\x77\x2e\x69\x6e\x6b\
\x73\x63\x61\x70\x65\x2e\x6f\x72\x67\x2f\x29\x20\x2d\x2d\x3e\x0a\
\x0a\x3c\x73\x76\x67\x0a\x20\x20\x20\x77\x69\x64\x74\x68\x3d\x22\
\x31\x37\x30\x2e\x38\x36\x35\x38\x36\x6d\x6d\x22\x0a\x20\x20\x20\
\x68\x65\x69\x67\x68\x74\x3d\x22\x38\x35\x2e\x39\x39\x33\x30\x34\
\x32\x6d\x6d\x22\x0a\x20\x20\x20\x76\x69\x65\x77\x42\x6f\x78\x3d\
\x22\x30\x20\x30\x20\x31\x37\x30\x2e\x38\x36\x35\x38\x36\x20\x38\
\x35\x2e\x39\x39\x33\x30\x34\x32\x22\x0a\x20\x20\x20\x76\x65\x72\
\x73\x69\x6f\x6e\x3d\x22\x31\x2e\x31\x22\x0a\x20\x20\x20\x69\x64\
\x3d\x22\x73\x76\x67\x35\x22\x0a\x20\x20\x20\x78\x6d\x6c\x3a\x73\
\x70\x61\x63\x65\x3d\x22\x70\x72\x65\x73\x65\x72\x76\x65\x22\x0a\
\x20\x20\x20\x73\x6f\x64\x69\x70\x6f\x64\x69\x3a\x64\x6f\x63\x6e\
\x61\x6d\x65\x3d\x22\x62\x61\x63\x6b\x2d\x69\x63\x6f\x6e\x2e\x73\
\x76\x67\x22\x0a\x20\x20\x20\x69\x6e\x6b\x73\x63\x61\x70\x65\x3a\
\x76\x65\x72\x73\x69\x6f\x6e\x3d\x22\x31\x2e\x32\x2e\x32\x20\x28\
\x62\x30\x61\x38\x34\x38\x36\x35\x34\x31\x2c\x20\x32\x30\x32\x32\
\x2d\x31\x32\x2d\x30\x31\x29\x22\x0a\x20\x20\x20\x78\x6d\x6c\x6e\
\x73\x3a\x69\x6e\x6b\x73\x63\x61\x70\x65\x3d\x22\x68\x74\x74\x70\
\x3a\x2f\x2f\x77\x77\x77\x2e\x69\x6e\x6b\x73\x63\x61\x70\x65\x2e\
\x6f\x72\x67\x2f\x6e\x61\x6d\x65\x73\x70\x61\x63\x65\x73\x2f\x69\
\x6e\x6b\x73\x63\x61\x70\x65\x22\x0a\x20\x20\x20\x78\x6d\x6c\x6e\
\x73\x3a\x73\x6f\x64\x69\x70\x6f\x64\x69\x3d\x22\x68\x74\x74\x70\
\x3a\x2f\x2f\x73\x6f\x64\x69\x70\x6f\x64\x69\x2e\x73\x6f\x75\x72\
\x63\x65\x66\x6f\x72\x67\x65\x2e\x6e\x65\x74\x2f\x44\x54\x44\x2f\
\x73\x6f\x64\x69\x70\x6f\x64\x69\x2d\x30\x2e\x64\x74\x64\x22\x0a\
\x20\x20\x20\x78\x6d\x6c\x6e\x73\x3d\x22\x68\x74\x74\x70\x3a\x2f\
\x2f\x77\x77\x77\x2e\x77\x33\x2e\x6f\x72\x67\x2f\x32\x30\x30\x30\
\x2f\x73\x76\x67\x22\x0a\x20\x20\x20\x78\x6d\x6c\x6e\x73\x3a\x73\
\x76\x67\x3d\x22\x68\x74\x74\x70\x3a\x2f\x2f\x77\x77\x77\x2e\x77\
\x33\x2e\x6f\x72\x67\x2f\x32\x30\x30\x30\x2f\x73\x76\x67\x22\x3e\
\x3c\x73\x6f\x64\x69\x70\x6f\x64\x69\x3a\x6e\x61\x6d\x65\x64\x76\
\x69\x65\x77\x0a\x20\x20\x20\x20\x20\x69\x64\x3d\x22\x6e\x61\x6d\
\x65\x64\x76\x69\x65\x77\x31\x31\x33\x39\x22\x0a\x20\x20\x20\x20\
\x20\x70\x61\x67\x65\x63\x6f\x6c\x6f\x72\x3d\x22\x23\x66\x66\x66\
\x66\x66\x66\x22\x0a\x20\x20\x20\x20\x20\x62\x6f\x72\x64\x65\x72\
\x63\x6f\x6c\x6f\x72\x3d\x22\x23\x30\x30\x30\x30\x30\x30\x22\x0a\
\x20\x20\x20\x20\x20\x62\x6f\x72\x64\x65\x72\x6f\x70\x61\x63\x69\
\x74\x79\x3d\x22\x30\x2e\x32\x35\x22\x0a\x20\x20\x20\x20\x20\x69\
\x6e\x6b\x73\x63\x61\x70\x65\x3a\x73\x68\x6f\x77\x70\x61\x67\x65\
\x73\x68\x61\x64\x6f\x77\x3d\x22\x32\x22\x0a\x20\x20\x20\x20\x20\
\x69\x6e\x6b\x73\x63\x61\x70\x65\x3a\x70\x61\x67\x65\x6f\x70\x61\
\x63\x69\x74\x79\x3d\x22\x30\x2e\x30\x22\x0a\x20\x20\x20\x20\x20\
\x69\x6e\x6b\x73\x63\x61\x70\x65\x3a\x70\x61\x67\x65\x63\x68\x65\
\x63\x6b\x65\x72\x62\x6f\x61\x72\x64\x3d\x22\x30\x22\x0a\x20\x20\
\x20\x20\x20\x69\x6e\x6b\x73\x63\x61\x70\x65\x3a\x64\x65\x73\x6b\
\x63\x6f\x6c\x6f\x72\x3d\x22\x23\x64\x31\x64\x31\x64\x31\x22\x0a\
\x20\x20\x20\x20\x20\x69\x6e\x6b\x73\x63\x61\x70\x65\x3a\x64\x6f\
\x63\x75\x6d\x65\x6e\x74\x2d\x75\x6e\x69\x74\x73\x3d\x22\x6d\x6d\
\x22\x0a\x20\x20\x20\x20\x20\x73\x68\x6f\x77\x67\x72\x69\x64\x3d\
\x22\x66\x61\x6c\x73\x65\x22\x0a\x20\x20\x20\x20\x20\x69\x6e\x6b\
\x73\x63\x61\x70\x65\x3a\x7a\x6f\x6f\x6d\x3d\x22\x30\x2e\x36\x38\
\x39\x35\x32\x30\x32\x22\x0a\x20\x20\x20\x20\x20\x69\x6e\x6b\x73\
\x63\x61\x70\x65\x3a\x63\x78\x3d\x22\x33\x34\x30\x2e\x38\x31\x36\
\x37\x22\x0a\x20\x20\x20\x20\x20\x69\x6e\x6b\x73\x63\x61\x70\x65\
\x3a\x63\x79\x3d\x22\x32\x33\x34\x2e\x39\x34\x35\x39\x38\x22\x0a\
\x20\x20\x20\x20\x20\x69\x6e\x6b\x73\x63\x61\x70\x65\x3a\x77\x69\
\x6e\x64\x6f\x77\x2d\x77\x69\x64\x74\x68\x3d\x22\x31\x36\x38\x30\
\x22\x0a\x20\x20\x20\x20\x20\x69\x6e\x6b\x73\x63\x61\x70\x65\x3a\
\x77\x69\x6e\x64\x6f\x77\x2d\x68\x65\x69\x67\x68\x74\x3d\x22\x31\
\x30\x31\x38\x22\x0a\x20\x20\x20\x20\x20\x69\x6e\x6b\x73\x63\x61\
\x70\x65\x3a\x77\x69\x6e\x64\x6f\x77\x2d\x78\x3d\x22\x30\x22\x0a\
\x20\x20\x20\x20\x20\x69\x6e\x6b\x73\x63\x61\x70\x65\x3a\x77\x69\
\x6e\x64\x6f\x77\x2d\x79\x3d\x22\x30\x22\x0a\x20\x20\x20\x20\x20\
\x69\x6e\x6b\x73\x63\x61\x70\x65\x3a\x77\x69\x6e\x64\x6f\x77\x2d\
\x6d\x61\x78\x69\x6d\x69\x7a\x65\x64\x3d\x22\x31\x22\x0a\x20\x20\
\x20\x20\x20\x69\x6e\x6b\x73\x63\x61\x70\x65\x3a\x63\x75\x72\x72\
\x65\x6e\x74\x2d\x6c\x61\x79\x65\x72\x3d\x22\x73\x76\x67\x35\x22\
\x20\x2f\x3e\x3c\x64\x65\x66\x73\x0a\x20\x20\x20\x20\x20\x69\x64\
\x3d\x22\x64\x65\x66\x73\x32\x22\x20\x2f\x3e\x3c\x67\x0a\x20\x20\
\x20\x20\x20\x69\x64\x3d\x22\x6c\x61\x79\x65\x72\x31\x22\x0a\x20\
\x20\x20\x20\x20\x74\x72\x61\x6e\x73\x66\x6f\x72\x6d\x3d\x22\x74\
\x72\x61\x6e\x73\x6c\x61\x74\x65\x28\x2d\x31\x35\x2e\x30\x39\x30\
\x35\x37\x35\x2c\x2d\x38\x36\x2e\x34\x34\x33\x31\x37\x36\x29\x22\
\x3e\x3c\x70\x61\x74\x68\x0a\x20\x20\x20\x20\x20\x20\x20\x73\x74\
\x79\x6c\x65\x3d\x22\x66\x69\x6c\x6c\x3a\x23\x30\x30\x30\x30\x30\
\x30\x3b\x73\x74\x72\x6f\x6b\x65\x2d\x77\x69\x64\x74\x68\x3a\x31\
\x2e\x37\x39\x38\x37\x38\x22\x0a\x20\x20\x20\x20\x20\x20\x20\x64\
\x3d\x22\x6d\x20\x33\x34\x2e\x33\x30\x37\x39\x35\x37\x2c\x31\x35\
\x32\x2e\x32\x34\x34\x38\x37\x20\x63\x20\x2d\x31\x30\x2e\x35\x36\
\x39\x35\x36\x2c\x2d\x31\x31\x2e\x32\x39\x36\x39\x32\x20\x2d\x31\
\x39\x2e\x32\x31\x37\x33\x38\x32\x2c\x2d\x32\x31\x2e\x34\x38\x30\
\x38\x34\x20\x2d\x31\x39\x2e\x32\x31\x37\x33\x38\x32\x2c\x2d\x32\
\x32\x2e\x36\x33\x30\x39\x35\x20\x30\x2c\x2d\x33\x2e\x33\x34\x37\
\x36\x33\x20\x33\x38\x2e\x31\x33\x36\x35\x32\x37\x2c\x2d\x34\x33\
\x2e\x31\x37\x30\x37\x34\x34\x20\x34\x31\x2e\x33\x34\x32\x33\x39\
\x35\x2c\x2d\x34\x33\x2e\x31\x37\x30\x37\x34\x34\x20\x33\x2e\x36\
\x30\x32\x39\x31\x36\x2c\x30\x20\x37\x2e\x32\x32\x34\x37\x30\x37\
\x2c\x33\x2e\x34\x35\x39\x39\x33\x31\x20\x37\x2e\x32\x32\x34\x37\
\x30\x37\x2c\x36\x2e\x39\x30\x31\x38\x33\x35\x20\x30\x2c\x31\x2e\
\x34\x32\x31\x36\x31\x38\x20\x2d\x35\x2e\x33\x32\x35\x38\x34\x2c\
\x38\x2e\x35\x33\x35\x34\x33\x39\x20\x2d\x31\x31\x2e\x38\x33\x35\
\x31\x39\x39\x2c\x31\x35\x2e\x38\x30\x38\x35\x30\x39\x20\x6c\x20\
\x2d\x31\x31\x2e\x38\x33\x35\x31\x39\x39\x2c\x31\x33\x2e\x32\x32\
\x33\x37\x37\x20\x37\x31\x2e\x34\x34\x39\x31\x36\x31\x2c\x30\x2e\
\x34\x37\x30\x34\x35\x20\x63\x20\x36\x35\x2e\x37\x38\x39\x37\x34\
\x2c\x30\x2e\x34\x33\x33\x32\x20\x37\x31\x2e\x36\x30\x36\x33\x38\
\x2c\x30\x2e\x37\x31\x39\x38\x20\x37\x33\x2e\x34\x33\x34\x32\x35\
\x2c\x33\x2e\x36\x31\x38\x33\x33\x20\x31\x2e\x34\x34\x37\x36\x35\
\x2c\x32\x2e\x32\x39\x35\x35\x37\x20\x31\x2e\x34\x34\x37\x36\x35\
\x2c\x34\x2e\x30\x30\x30\x31\x37\x20\x30\x2c\x36\x2e\x32\x39\x35\
\x37\x32\x20\x2d\x31\x2e\x38\x32\x37\x38\x37\x2c\x32\x2e\x38\x39\
\x38\x35\x35\x20\x2d\x37\x2e\x36\x34\x34\x35\x31\x2c\x33\x2e\x31\
\x38\x35\x31\x36\x20\x2d\x37\x33\x2e\x34\x33\x34\x32\x35\x2c\x33\
\x2e\x36\x31\x38\x33\x34\x20\x6c\x20\x2d\x37\x31\x2e\x34\x34\x39\
\x31\x36\x31\x2c\x30\x2e\x34\x37\x30\x34\x37\x20\x31\x31\x2e\x38\
\x33\x35\x31\x39\x39\x2c\x31\x33\x2e\x32\x32\x33\x37\x35\x20\x63\
\x20\x31\x32\x2e\x30\x31\x30\x32\x32\x32\x2c\x31\x33\x2e\x34\x31\
\x39\x33\x31\x20\x31\x33\x2e\x35\x34\x36\x34\x34\x34\x2c\x31\x36\
\x2e\x36\x38\x32\x30\x33\x20\x39\x2e\x36\x37\x36\x36\x36\x31\x2c\
\x32\x30\x2e\x35\x35\x31\x38\x31\x20\x2d\x34\x2e\x34\x30\x30\x39\
\x34\x38\x2c\x34\x2e\x34\x30\x30\x39\x34\x20\x2d\x38\x2e\x34\x31\
\x33\x38\x32\x31\x2c\x31\x2e\x36\x38\x38\x32\x33\x20\x2d\x32\x37\
\x2e\x31\x39\x31\x31\x38\x32\x2c\x2d\x31\x38\x2e\x33\x38\x31\x32\
\x39\x20\x7a\x22\x0a\x20\x20\x20\x20\x20\x20\x20\x69\x64\x3d\x22\
\x70\x61\x74\x68\x31\x35\x32\x38\x22\x20\x2f\x3e\x3c\x2f\x67\x3e\
\x3c\x2f\x73\x76\x67\x3e\x0a\
\x00\x00\x06\x7f\
\x3c\
\x3f\x78\x6d\x6c\x20\x76\x65\x72\x73\x69\x6f\x6e\x3d\x22\x31\x2e\
\x30\x22\x20\x65\x6e\x63\x6f\x64\x69\x6e\x67\x3d\x22\x55\x54\x46\
\x2d\x38\x22\x20\x73\x74\x61\x6e\x64\x61\x6c\x6f\x6e\x65\x3d\x22\
\x6e\x6f\x22\x3f\x3e\x0a\x3c\x73\x76\x67\x0a\x20\x20\x20\x77\x69\
\x64\x74\x68\x3d\x22\x32\x34\x22\x0a\x20\x20\x20\x68\x65\x69\x67\
\x68\x74\x3d\x22\x32\x34\x22\x0a\x20\x20\x20\x76\x69\x65\x77\x42\
\x6f\x78\x3d\x22\x30\x20\x30\x20\x32\x34\x20\x32\x34\x22\x0a\x20\
\x20\x20\x76\x65\x72\x73\x69\x6f\x6e\x3d\x22\x31\x2e\x31\x22\x0a\
\x20\x20\x20\x69\x64\x3d\x22\x73\x76\x67\x36\x32\x22\x0a\x20\x20\
\x20\x73\x6f\x64\x69\x70\x6f\x64\x69\x3a\x64\x6f\x63\x6e\x61\x6d\
\x65\x3d\x22\x73\x65\x61\x72\x63\x68\x2d\x69\x63\x6f\x6e\x2e\x73\
\x76\x67\x22\x0a\x20\x20\x20\x69\x6e\x6b\x73\x63\x61\x70\x65\x3a\
\x76\x65\x72\x73\x69\x6f\x6e\x3d\x22\x31\x2e\x32\x2e\x32\x20\x28\
\x62\x30\x61\x38\x34\x38\x36\x35\x34\x31\x2c\x20\x32\x30\x32\x32\
\x2d\x31\x32\x2d\x30\x31\x29\x22\x0a\x20\x20\x20\x78\x6d\x6c\x6e\
\x73\x3a\x69\x6e\x6b\x73\x63\x61\x70\x65\x3d\x22\x68\x74\x74\x70\
\x3a\x2f\x2f\x77\x77\x77\x2e\x69\x6e\x6b\x73\x63\x61\x70\x65\x2e\
\x6f\x72\x67\x2f\x6e\x61\x6d\x65\x73\x70\x61\x63\x65\x73\x2f\x69\
\x6e\x6b\x73\x63\x61\x70\x65\x22\x0a\x20\x20\x20\x78\x6d\x6c\x6e\
\x73\x3a\x73\x6f\x64\x69\x70\x6f\x64\x69\x3d\x22\x68\x74\x74\x70\
\x3a\x2f\x2f\x73\x6f\x64\x69\x70\x6f\x64\x69\x2e\x73\x6f\x75\x72\
\x63\x65\x66\x6f\x72\x67\x65\x2e\x6e\x65\x74\x2f\x44\x54\x44\x2f\
\x73\x6f\x64\x69\x70\x6f\x64\x69\x2d\x30\x2e\x64\x74\x64\x22\x0a\
\x20\x20\x20\x78\x6d\x6c\x6e\x73\x3d\x22\x68\x74\x74\x70\x3a\x2f\
\x2f\x77\x77\x77\x2e\x77\x33\x2e\x6f\x72\x67\x2f\x32\x30\x30\x30\
\x2f\x73\x76\x67\x22\x0a\x20\x20\x20\x78\x6d\x6c\x6e\x73\x3a\x73\
\x76\x67\x3d\x22\x68\x74\x74\x70\x3a\x2f\x2f\x77\x77\x77\x2e\x77\
\x33\x2e\x6f\x72\x67\x2f\x32\x30\x30\x30\x2f\x73\x76\x67\x22\x3e\
\x0a\x20\x20\x3c\x64\x65\x66\x73\x0a\x20\x20\x20\x20\x20\x69\x64\
\x3d\x22\x64\x65\x66\x73\x36\x36\x22\x20\x2f\x3e\x0a\x20\x20\x3c\
\x73\x6f\x64\x69\x70\x6f\x64\x69\x3a\x6e\x61\x6d\x65\x64\x76\x69\
\x65\x77\x0a\x20\x20\x20\x20\x20\x69\x64\x3d\x22\x6e\x61\x6d\x65\
\x64\x76\x69\x65\x77\x36\x34\x22\x0a\x20\x20\x20\x20\x20\x70\x61\
\x67\x65\x63\x6f\x6c\x6f\x72\x3d\x22\x23\x66\x66\x66\x66\x66\x66\
\x22\x0a\x20\x20\x20\x20\x20\x62\x6f\x72\x64\x65\x72\x63\x6f\x6c\
\x6f\x72\x3d\x22\x23\x30\x30\x30\x30\x30\x30\x22\x0a\x20\x20\x20\
\x20\x20\x62\x6f\x72\x64\x65\x72\x6f\x70\x61\x63\x69\x74\x79\x3d\
\x22\x30\x2e\x32\x35\x22\x0a\x20\x20\x20\x20\x20\x69\x6e\x6b\x73\
\x63\x61\x70\x65\x3a\x73\x68\x6f\x77\x70\x61\x67\x65\x73\x68\x61\
\x64\x6f\x77\x3d\x22\x32\x22\x0a\x20\x20\x20\x20\x20\x69\x6e\x6b\
\x73\x63\x61\x70\x65\x3a\x70\x61\x67\x65\x6f\x70\x61\x63\x69\x74\
\x79\x3d\x22\x30\x2e\x30\x22\x0a\x20\x20\x20\x20\x20\x69\x6e\x6b\
\x73\x63\x61\x70\x65\x3a\x70\x61\x67\x65\x63\x68\x65\x63\x6b\x65\
\x72\x62\x6f\x61\x72\x64\x3d\x22\x30\x22\x0a\x20\x20\x20\x20\x20\
\x69\x6e\x6b\x73\x63\x61\x70\x65\x3a\x64\x65\x73\x6b\x63\x6f\x6c\
\x6f\x72\x3d\x22\x23\x64\x31\x64\x31\x64\x31\x22\x0a\x20\x20\x20\
\x20\x20\x73\x68\x6f\x77\x67\x72\x69\x64\x3d\x22\x66\x61\x6c\x73\
\x65\x22\x0a\x20\x20\x20\x20\x20\x69\x6e\x6b\x73\x63\x61\x70\x65\
\x3a\x7a\x6f\x6f\x6d\x3d\x22\x31\x38\x2e\x32\x30\x38\x33\x33\x33\
\x22\x0a\x20\x20\x20\x20\x20\x69\x6e\x6b\x73\x63\x61\x70\x65\x3a\
\x63\x78\x3d\x22\x2d\x37\x2e\x30\x38\x34\x36\x36\x38\x32\x22\x0a\
\x20\x20\x20\x20\x20\x69\x6e\x6b\x73\x63\x61\x70\x65\x3a\x63\x79\
\x3d\x22\x31\x35\x2e\x32\x36\x37\x37\x33\x35\x22\x0a\x20\x20\x20\
\x20\x20\x69\x6e\x6b\x73\x63\x61\x70\x65\x3a\x77\x69\x6e\x64\x6f\
\x77\x2d\x77\x69\x64\x74\x68\x3d\x22\x31\x39\x32\x30\x22\x0a\x20\
\x20\x20\x20\x20\x69\x6e\x6b\x73\x63\x61\x70\x65\x3a\x77\x69\x6e\
\x64\x6f\x77\x2d\x68\x65\x69\x67\x68\x74\x3d\x22\x31\x30\x35\x30\
\x22\x0a\x20\x20\x20\x20\x20\x69\x6e\x6b\x73\x63\x61\x70\x65\x3a\
\x77\x69\x6e\x64\x6f\x77\x2d\x78\x3d\x22\x30\x22\x0a\x20\x20\x20\
\x20\x20\x69\x6e\x6b\x73\x63\x61\x70\x65\x3a\x77\x69\x6e\x64\x6f\
\x77\x2d\x79\x3d\x22\x30\x22\x0a\x20\x20\x20\x20\x20\x69\x6e\x6b\
\x73\x63\x61\x70\x65\x3a\x77\x69\x6e\x64\x6f\x77\x2d\x6d\x61\x78\
\x69\x6d\x69\x7a\x65\x64\x3d\x22\x31\x22\x0a\x20\x20\x20\x20\x20\
\x69\x6e\x6b\x73\x63\x61\x70\x65\x3a\x63\x75\x72\x72\x65\x6e\x74\
\x2d\x6c\x61\x79\x65\x72\x3d\x22\x73\x76\x67\x36\x32\x22\x20\x2f\
\x3e\x0a\x20\x20\x3c\x21\x2d\x2d\x20\x42\x6c\x61\x63\x6b\x20\x63\
\x69\x72\x63\x6c\x65\x20\x62\x61\x63\x6b\x67\x72\x6f\x75\x6e\x64\
\x20\x2d\x2d\x3e\x0a\x20\x20\x3c\x21\x2d\x2d\x20\x57\x68\x69\x74\
\x65\x20\x73\x65\x61\x72\x63\x68\x20\x69\x63\x6f\x6e\x20\x2d\x2d\
\x3e\x0a\x20\x20\x3c\x72\x65\x63\x74\x0a\x20\x20\x20\x20\x20\x73\
\x74\x79\x6c\x65\x3d\x22\x64\x69\x73\x70\x6c\x61\x79\x3a\x69\x6e\
\x6c\x69\x6e\x65\x3b\x66\x69\x6c\x6c\x3a\x23\x30\x30\x30\x30\x30\
\x30\x3b\x73\x74\x72\x6f\x6b\x65\x2d\x77\x69\x64\x74\x68\x3a\x31\
\x2e\x33\x34\x38\x36\x35\x22\x0a\x20\x20\x20\x20\x20\x69\x64\x3d\
\x22\x72\x65\x63\x74\x33\x33\x34\x22\x0a\x20\x20\x20\x20\x20\x77\
\x69\x64\x74\x68\x3d\x22\x32\x30\x2e\x34\x39\x37\x39\x33\x34\x22\
\x0a\x20\x20\x20\x20\x20\x68\x65\x69\x67\x68\x74\x3d\x22\x31\x38\
\x2e\x32\x39\x30\x38\x32\x31\x22\x0a\x20\x20\x20\x20\x20\x78\x3d\
\x22\x31\x2e\x39\x32\x39\x36\x38\x38\x33\x22\x0a\x20\x20\x20\x20\
\x20\x79\x3d\x22\x33\x2e\x31\x39\x30\x31\x31\x33\x35\x22\x0a\x20\
\x20\x20\x20\x20\x72\x79\x3d\x22\x32\x2e\x35\x33\x37\x36\x30\x35\
\x35\x22\x20\x2f\x3e\x0a\x20\x20\x3c\x63\x69\x72\x63\x6c\x65\x0a\
\x20\x20\x20\x20\x20\x63\x78\x3d\x22\x31\x31\x2e\x38\x39\x33\x36\
\x32\x32\x22\x0a\x20\x20\x20\x20\x20\x63\x79\x3d\x22\x31\x31\x2e\
\x34\x39\x33\x32\x39\x39\x22\x0a\x20\x20\x20\x20\x20\x72\x3d\x22\
\x34\x2e\x35\x22\x0a\x20\x20\x20\x20\x20\x66\x69\x6c\x6c\x3d\x22\
\x6e\x6f\x6e\x65\x22\x0a\x20\x20\x20\x20\x20\x73\x74\x72\x6f\x6b\
\x65\x3d\x22\x23\x66\x66\x66\x66\x66\x66\x22\x0a\x20\x20\x20\x20\
\x20\x73\x74\x72\x6f\x6b\x65\x2d\x77\x69\x64\x74\x68\x3d\x22\x32\
\x22\x0a\x20\x20\x20\x20\x20\x69\x64\x3d\x22\x63\x69\x72\x63\x6c\
\x65\x35\x38\x22\x0a\x20\x20\x20\x20\x20\x73\x74\x79\x6c\x65\x3d\
\x22\x64\x69\x73\x70\x6c\x61\x79\x3a\x69\x6e\x6c\x69\x6e\x65\x22\
\x20\x2f\x3e\x0a\x20\x20\x3c\x6c\x69\x6e\x65\x0a\x20\x20\x20\x20\
\x20\x78\x31\x3d\x22\x31\x34\x2e\x39\x32\x30\x32\x33\x33\x22\x0a\
\x20\x20\x20\x20\x20\x79\x31\x3d\x22\x31\x35\x2e\x34\x33\x37\x32\
\x38\x39\x22\x0a\x20\x20\x20\x20\x20\x78\x32\x3d\x22\x31\x38\x2e\
\x34\x32\x30\x32\x33\x31\x22\x0a\x20\x20\x20\x20\x20\x79\x32\x3d\
\x22\x31\x38\x2e\x39\x33\x37\x32\x39\x22\x0a\x20\x20\x20\x20\x20\
\x73\x74\x72\x6f\x6b\x65\x3d\x22\x23\x66\x66\x66\x66\x66\x66\x22\
\x0a\x20\x20\x20\x20\x20\x73\x74\x72\x6f\x6b\x65\x2d\x77\x69\x64\
\x74\x68\x3d\x22\x32\x22\x0a\x20\x20\x20\x20\x20\x73\x74\x72\x6f\
\x6b\x65\x2d\x6c\x69\x6e\x65\x63\x61\x70\x3d\x22\x72\x6f\x75\x6e\
\x64\x22\x0a\x20\x20\x20\x20\x20\x69\x64\x3d\x22\x6c\x69\x6e\x65\
\x36\x30\x22\x20\x2f\x3e\x0a\x3c\x2f\x73\x76\x67\x3e\x0a\
\x00\x00\x0e\x7c\
\x3c\
\x3f\x78\x6d\x6c\x20\x76\x65\x72\x73\x69\x6f\x6e\x3d\x22\x31\x2e\
\x30\x22\x20\x65\x6e\x63\x6f\x64\x69\x6e\x67\x3d\x22\x55\x54\x46\
\x2d\x38\x22\x20\x73\x74\x61\x6e\x64\x61\x6c\x6f\x6e\x65\x3d\x22\
\x6e\x6f\x22\x3f\x3e\x0a\x3c\x21\x2d\x2d\x20\x43\x72\x65\x61\x74\
\x65\x64\x20\x77\x69\x74\x68\x20\x49\x6e\x6b\x73\x63\x61\x70\x65\
\x20\x28\x68\x74\x74\x70\x3a\x2f\x2f\x77\x77\x77\x2e\x69\x6e\x6b\
\x73\x63\x61\x70\x65\x2e\x6f\x72\x67\x2f\x29\x20\x2d\x2d\x3e\x0a\
\x0a\x3c\x73\x76\x67\x0a\x20\x20\x20\x77\x69\x64\x74\x68\x3d\x22\
\x31\x34\x39\x2e\x32\x37\x38\x36\x36\x6d\x6d\x22\x0a\x20\x20\x20\
\x68\x65\x69\x67\x68\x74\x3d\x22\x31\x35\x36\x2e\x35\x33\x34\x38\
\x38\x6d\x6d\x22\x0a\x20\x20\x20\x76\x69\x65\x77\x42\x6f\x78\x3d\
\x22\x30\x20\x30\x20\x31\x34\x39\x2e\x32\x37\x38\x36\x36\x20\x31\
\x35\x36\x2e\x35\x33\x34\x38\x38\x22\x0a\x20\x20\x20\x76\x65\x72\
\x73\x69\x6f\x6e\x3d\x22\x31\x2e\x31\x22\x0a\x20\x20\x20\x69\x64\
\x3d\x22\x73\x76\x67\x35\x22\x0a\x20\x20\x20\x78\x6d\x6c\x3a\x73\
\x70\x61\x63\x65\x3d\x22\x70\x72\x65\x73\x65\x72\x76\x65\x22\x0a\
\x20\x20\x20\x73\x6f\x64\x69\x70\x6f\x64\x69\x3a\x64\x6f\x63\x6e\
\x61\x6d\x65\x3d\x22\x73\x65\x74\x74\x69\x6e\x67\x73\x2e\x73\x76\
\x67\x22\x0a\x20\x20\x20\x69\x6e\x6b\x73\x63\x61\x70\x65\x3a\x76\
\x65\x72\x73\x69\x6f\x6e\x3d\x22\x31\x2e\x32\x2e\x32\x20\x28\x62\
\x30\x61\x38\x34\x38\x36\x35\x34\x31\x2c\x20\x32\x30\x32\x32\x2d\
\x31\x32\x2d\x30\x31\x29\x22\x0a\x20\x20\x20\x78\x6d\x6c\x6e\x73\
\x3a\x69\x6e\x6b\x73\x63\x61\x70\x65\x3d\x22\x68\x74\x74\x70\x3a\
\x2f\x2f\x77\x77\x77\x2e\x69\x6e\x6b\x73\x63\x61\x70\x65\x2e\x6f\
\x72\x67\x2f\x6e\x61\x6d\x65\x73\x70\x61\x63\x65\x73\x2f\x69\x6e\
\x6b\x73\x63\x61\x70\x65\x22\x0a\x20\x20\x20\x78\x6d\x6c\x6e\x73\
\x3a\x73\x6f\x64\x69\x70\x6f\x64\x69\x3d\x22\x68\x74\x74\x70\x3a\
\x2f\x2f\x73\x6f\x64\x69\x70\x6f\x64\x69\x2e\x73\x6f\x75\x72\x63\
\x65\x66\x6f\x72\x67\x65\x2e\x6e\x65\x74\x2f\x44\x54\x44\x2f\x73\
\x6f\x64\x69\x70\x6f\x64\x69\x2d\x30\x2e\x64\x74\x64\x22\x0a\x20\
\x20\x20\x78\x6d\x6c\x6e\x73\x3d\x22\x68\x74\x74\x70\x3a\x2f\x2f\
\x77\x77\x77\x2e\x77\x33\x2e\x6f\x72\x67\x2f\x32\x30\x30\x30\x2f\
\x73\x76\x67\x22\x0a\x20\x20\x20\x78\x6d\x6c\x6e\x73\x3a\x73\x76\
\x67\x3d\x22\x68\x74\x74\x70\x3a\x2f\x2f\x77\x77\x77\x2e\x77\x33\
\x2e\x6f\x72\x67\x2f\x32\x30\x30\x30\x2f\x73\x76\x67\x22\x3e\x3c\
\x73\x6f\x64\x69\x70\x6f\x64\x69\x3a\x6e\x61\x6d\x65\x64\x76\x69\
\x65\x77\x0a\x20\x20\x20\x20\x20\x69\x64\x3d\x22\x6e\x61\x6d\x65\
\x64\x76\x69\x65\x77\x39\x39\x22\x0a\x20\x20\x20\x20\x20\x70\x61\
\x67\x65\x63\x6f\x6c\x6f\x72\x3d\x22\x23\x66\x66\x66\x66\x66\x66\
\x22\x0a\x20\x20\x20\x20\x20\x62\x6f\x72\x64\x65\x72\x63\x6f\x6c\
\x6f\x72\x3d\x22\x23\x30\x30\x30\x30\x30\x30\x22\x0a\x20\x20\x20\
\x20\x20\x62\x6f\x72\x64\x65\x72\x6f\x70\x61\x63\x69\x74\x79\x3d\
\x22\x30\x2e\x32\x35\x22\x0a\x20\x20\x20\x20\x20\x69\x6e\x6b\x73\
\x63\x61\x70\x65\x3a\x73\x68\x6f\x77\x70\x61\x67\x65\x73\x68\x61\
\x64\x6f\x77\x3d\x22\x32\x22\x0a\x20\x20\x20\x20\x20\x69\x6e\x6b\
\x73\x63\x61\x70\x65\x3a\x70\x61\x67\x65\x6f\x70\x61\x63\x69\x74\
\x79\x3d\x22\x30\x2e\x30\x22\x0a\x20\x20\x20\x20\x20\x69\x6e\x6b\
\x73\x63\x61\x70\x65\x3a\x70\x61\x67\x65\x63\x68\x65\x63\x6b\x65\
\x72\x62\x6f\x61\x72\x64\x3d\x22\x30\x22\x0a\x20\x20\x20\x20\x20\
\x69\x6e\x6b\x73\x63\x61\x70\x65\x3a\x64\x65\x73\x6b\x63\x6f\x6c\
\x6f\x72\x3d\x22\x23\x64\x31\x64\x31\x64\x31\x22\x0a\x20\x20\x20\
\x20\x20\x69\x6e\x6b\x73\x63\x61\x70\x65\x3a\x64\x6f\x63\x75\x6d\
\x65\x6e\x74\x2d\x75\x6e\x69\x74\x73\x3d\x22\x6d\x6d\x22\x0a\x20\
\x20\x20\x20\x20\x73\x68\x6f\x77\x67\x72\x69\x64\x3d\x22\x66\x61\
\x6c\x73\x65\x22\x0a\x20\x20\x20\x20\x20\x69\x6e\x6b\x73\x63\x61\
\x70\x65\x3a\x7a\x6f\x6f\x6d\x3d\x22\x30\x2e\x36\x38\x39\x35\x32\
\x30\x32\x22\x0a\x20\x20\x20\x20\x20\x69\x6e\x6b\x73\x63\x61\x70\
\x65\x3a\x63\x78\x3d\x22\x32\x39\x39\x2e\x34\x38\x33\x36\x31\x22\
\x0a\x20\x20\x20\x20\x20\x69\x6e\x6b\x73\x63\x61\x70\x65\x3a\x63\
\x79\x3d\x22\x33\x39\x38\x2e\x38\x32\x38\x30\x35\x22\x0a\x20\x20\
\x20\x20\x20\x69\x6e\x6b\x73\x63\x61\x70\x65\x3a\x77\x69\x6e\x64\
\x6f\x77\x2d\x77\x69\x64\x74\x68\x3d\x22\x31\x36\x38\x30\x22\x0a\
\x20\x20\x20\x20\x20\x69\x6e\x6b\x73\x63\x61\x70\x65\x3a\x77\x69\
\x6e\x64\x6f\x77\x2d\x68\x65\x69\x67\x68\x74\x3d\x22\x31\x30\x31\
\x38\x22\x0a\x20\x20\x20\x20\x20\x69\x6e\x6b\x73\x63\x61\x70\x65\
\x3a\x77\x69\x6e\x64\x6f\x77\x2d\x78\x3d\x22\x30\x22\x0a\x20\x20\
\x20\x20\x20\x69\x6e\x6b\x73\x63\x61\x70\x65\x3a\x77\x69\x6e\x64\
\x6f\x77\x2d\x79\x3d\x22\x30\x22\x0a\x20\x20\x20\x20\x20\x69\x6e\
\x6b\x73\x63\x61\x70\x65\x3a\x77\x69\x6e\x64\x6f\x77\x2d\x6d\x61\
\x78\x69\x6d\x69\x7a\x65\x64\x3d\x22\x31\x22\x0a\x20\x20\x20\x20\
\x20\x69\x6e\x6b\x73\x63\x61\x70\x65\x3a\x63\x75\x72\x72\x65\x6e\
\x74\x2d\x6c\x61\x79\x65\x72\x3d\x22\x73\x76\x67\x35\x22\x20\x2f\
\x3e\x3c\x64\x65\x66\x73\x0a\x20\x20\x20\x20\x20\x69\x64\x3d\x22\
\x64\x65\x66\x73\x32\x22\x20\x2f\x3e\x3c\x67\x0a\x20\x20\x20\x20\
\x20\x69\x64\x3d\x22\x6c\x61\x79\x65\x72\x31\x22\x0a\x20\x20\x20\
\x20\x20\x74\x72\x61\x6e\x73\x66\x6f\x72\x6d\x3d\x22\x74\x72\x61\
\x6e\x73\x6c\x61\x74\x65\x28\x2d\x32\x35\x2e\x38\x39\x38\x39\x33\
\x36\x2c\x2d\x34\x33\x2e\x30\x36\x33\x35\x37\x38\x29\x22\x3e\x3c\
\x70\x61\x74\x68\x0a\x20\x20\x20\x20\x20\x20\x20\x73\x74\x79\x6c\
\x65\x3d\x22\x66\x69\x6c\x6c\x3a\x23\x30\x30\x30\x30\x30\x30\x3b\
\x73\x74\x72\x6f\x6b\x65\x2d\x77\x69\x64\x74\x68\x3a\x34\x2e\x31\
\x37\x35\x37\x38\x22\x0a\x20\x20\x20\x20\x20\x20\x20\x64\x3d\x22\
\x6d\x20\x38\x33\x2e\x36\x30\x38\x33\x36\x36\x2c\x31\x39\x31\x2e\
\x33\x30\x33\x37\x34\x20\x63\x20\x2d\x34\x2e\x35\x39\x33\x33\x35\
\x35\x2c\x2d\x34\x2e\x35\x39\x33\x33\x37\x20\x2d\x38\x2e\x33\x35\
\x31\x35\x37\x31\x2c\x2d\x31\x30\x2e\x31\x31\x35\x35\x33\x20\x2d\
\x38\x2e\x33\x35\x31\x35\x37\x31\x2c\x2d\x31\x32\x2e\x32\x37\x31\
\x34\x38\x20\x30\x2c\x2d\x32\x2e\x31\x35\x35\x39\x37\x20\x2d\x38\
\x2e\x33\x33\x34\x34\x34\x2c\x2d\x35\x2e\x31\x36\x39\x37\x34\x20\
\x2d\x31\x38\x2e\x35\x32\x30\x39\x38\x2c\x2d\x36\x2e\x36\x39\x37\
\x33\x32\x20\x2d\x31\x35\x2e\x38\x39\x30\x34\x33\x37\x2c\x2d\x32\
\x2e\x33\x38\x32\x39\x31\x20\x2d\x31\x39\x2e\x35\x30\x32\x31\x36\
\x33\x2c\x2d\x34\x2e\x38\x34\x35\x30\x35\x20\x2d\x32\x35\x2e\x34\
\x32\x39\x31\x31\x38\x2c\x2d\x31\x37\x2e\x33\x33\x35\x31\x39\x20\
\x2d\x36\x2e\x36\x35\x39\x37\x38\x36\x2c\x2d\x31\x34\x2e\x30\x33\
\x34\x34\x33\x20\x2d\x36\x2e\x35\x38\x31\x35\x36\x35\x2c\x2d\x31\
\x34\x2e\x39\x30\x35\x34\x36\x20\x32\x2e\x31\x37\x35\x36\x34\x34\
\x2c\x2d\x32\x34\x2e\x32\x32\x37\x30\x37\x20\x37\x2e\x33\x31\x39\
\x32\x36\x39\x2c\x2d\x37\x2e\x37\x39\x31\x20\x38\x2e\x32\x31\x32\
\x34\x33\x33\x2c\x2d\x31\x31\x2e\x32\x39\x37\x33\x33\x20\x34\x2e\
\x35\x39\x38\x30\x37\x33\x2c\x2d\x31\x38\x2e\x30\x35\x30\x38\x34\
\x20\x2d\x32\x2e\x34\x36\x37\x31\x34\x34\x2c\x2d\x34\x2e\x36\x30\
\x39\x38\x39\x20\x2d\x36\x2e\x38\x35\x36\x31\x30\x35\x2c\x2d\x39\
\x2e\x32\x33\x39\x34\x39\x20\x2d\x39\x2e\x37\x35\x33\x32\x38\x35\
\x2c\x2d\x31\x30\x2e\x32\x38\x38\x30\x32\x20\x2d\x33\x2e\x39\x35\
\x33\x37\x35\x39\x2c\x2d\x31\x2e\x34\x33\x30\x39\x34\x20\x2d\x33\
\x2e\x31\x38\x34\x35\x36\x35\x2c\x2d\x35\x2e\x39\x33\x33\x30\x32\
\x31\x20\x33\x2e\x30\x38\x33\x39\x39\x35\x2c\x2d\x31\x38\x2e\x30\
\x35\x30\x35\x35\x37\x20\x36\x2e\x38\x35\x37\x37\x34\x2c\x2d\x31\
\x33\x2e\x32\x35\x36\x34\x36\x38\x20\x31\x31\x2e\x31\x36\x30\x36\
\x39\x38\x2c\x2d\x31\x36\x2e\x35\x39\x38\x38\x35\x32\x20\x32\x34\
\x2e\x30\x35\x36\x38\x34\x37\x2c\x2d\x31\x38\x2e\x36\x38\x36\x35\
\x34\x37\x20\x38\x2e\x36\x33\x37\x39\x30\x35\x2c\x2d\x31\x2e\x33\
\x39\x38\x33\x33\x39\x20\x31\x36\x2e\x31\x35\x34\x33\x30\x32\x2c\
\x2d\x33\x2e\x33\x30\x34\x36\x34\x33\x20\x31\x36\x2e\x37\x30\x33\
\x31\x30\x37\x2c\x2d\x34\x2e\x32\x33\x36\x32\x32\x38\x20\x30\x2e\
\x35\x34\x38\x38\x30\x35\x2c\x2d\x30\x2e\x39\x33\x31\x35\x38\x36\
\x20\x33\x2e\x30\x38\x31\x37\x34\x2c\x2d\x35\x2e\x34\x35\x31\x39\
\x39\x34\x20\x35\x2e\x36\x32\x38\x37\x32\x34\x2c\x2d\x31\x30\x2e\
\x30\x34\x35\x33\x35\x32\x20\x33\x2e\x35\x31\x30\x31\x32\x31\x2c\
\x2d\x36\x2e\x33\x33\x30\x33\x32\x38\x20\x38\x2e\x39\x35\x38\x33\
\x36\x36\x2c\x2d\x38\x2e\x33\x35\x31\x35\x35\x38\x20\x32\x32\x2e\
\x35\x31\x31\x36\x37\x38\x2c\x2d\x38\x2e\x33\x35\x31\x35\x35\x38\
\x20\x31\x33\x2e\x35\x35\x33\x33\x32\x2c\x30\x20\x31\x39\x2e\x30\
\x30\x31\x35\x34\x2c\x32\x2e\x30\x32\x31\x32\x33\x20\x32\x32\x2e\
\x35\x31\x31\x36\x37\x2c\x38\x2e\x33\x35\x31\x35\x35\x38\x20\x36\
\x2e\x36\x32\x30\x39\x36\x2c\x31\x31\x2e\x39\x34\x30\x35\x34\x20\
\x31\x31\x2e\x32\x33\x34\x35\x39\x2c\x31\x34\x2e\x34\x37\x39\x30\
\x33\x35\x20\x32\x36\x2e\x34\x34\x36\x34\x39\x2c\x31\x34\x2e\x35\
\x35\x31\x32\x38\x32\x20\x31\x30\x2e\x36\x35\x33\x38\x39\x2c\x30\
\x2e\x30\x35\x30\x36\x32\x20\x31\x34\x2e\x37\x39\x33\x37\x36\x2c\
\x32\x2e\x36\x33\x35\x33\x32\x39\x20\x31\x39\x2e\x38\x33\x34\x39\
\x35\x2c\x31\x32\x2e\x33\x38\x33\x39\x31\x34\x20\x38\x2e\x30\x36\
\x31\x35\x2c\x31\x35\x2e\x35\x38\x39\x32\x31\x20\x38\x2e\x30\x39\
\x37\x31\x31\x2c\x32\x34\x2e\x38\x36\x31\x37\x34\x38\x20\x30\x2e\
\x31\x30\x37\x32\x32\x2c\x32\x37\x2e\x39\x32\x37\x37\x35\x38\x20\
\x2d\x33\x2e\x34\x34\x35\x30\x31\x2c\x31\x2e\x33\x32\x31\x39\x37\
\x20\x2d\x36\x2e\x32\x36\x33\x36\x36\x2c\x36\x2e\x39\x35\x39\x32\
\x38\x20\x2d\x36\x2e\x32\x36\x33\x36\x36\x2c\x31\x32\x2e\x35\x32\
\x37\x33\x34\x20\x30\x2c\x35\x2e\x35\x36\x38\x30\x34\x20\x32\x2e\
\x38\x31\x38\x36\x35\x2c\x31\x31\x2e\x32\x30\x35\x33\x34\x20\x36\
\x2e\x32\x36\x33\x36\x36\x2c\x31\x32\x2e\x35\x32\x37\x33\x32\x20\
\x37\x2e\x39\x30\x32\x31\x39\x2c\x33\x2e\x30\x33\x32\x33\x35\x20\
\x37\x2e\x39\x34\x38\x36\x34\x2c\x31\x31\x2e\x31\x39\x33\x37\x39\
\x20\x30\x2e\x31\x34\x39\x34\x36\x2c\x32\x36\x2e\x32\x37\x35\x35\
\x37\x20\x2d\x34\x2e\x38\x34\x37\x33\x39\x2c\x39\x2e\x33\x37\x33\
\x37\x39\x20\x2d\x39\x2e\x39\x35\x34\x36\x35\x2c\x31\x32\x2e\x33\
\x39\x39\x33\x32\x20\x2d\x32\x34\x2e\x36\x35\x31\x2c\x31\x34\x2e\
\x36\x30\x33\x31\x36\x20\x2d\x31\x34\x2e\x37\x36\x39\x35\x32\x2c\
\x32\x2e\x32\x31\x34\x38\x35\x20\x2d\x31\x39\x2e\x30\x33\x33\x39\
\x39\x2c\x34\x2e\x37\x36\x30\x33\x37\x20\x2d\x32\x30\x2e\x39\x38\
\x32\x37\x37\x2c\x31\x32\x2e\x35\x32\x34\x39\x34\x20\x2d\x32\x2e\
\x32\x31\x36\x34\x39\x2c\x38\x2e\x38\x33\x31\x32\x33\x20\x2d\x31\
\x32\x2e\x37\x31\x39\x32\x36\x2c\x31\x34\x2e\x37\x31\x30\x38\x20\
\x2d\x32\x36\x2e\x35\x34\x37\x39\x34\x36\x2c\x31\x34\x2e\x38\x36\
\x31\x38\x35\x20\x2d\x32\x2e\x38\x37\x30\x38\x36\x32\x2c\x30\x2e\
\x30\x33\x31\x33\x20\x2d\x38\x2e\x39\x37\x37\x39\x33\x2c\x2d\x33\
\x2e\x37\x30\x31\x31\x38\x20\x2d\x31\x33\x2e\x35\x37\x31\x32\x38\
\x35\x2c\x2d\x38\x2e\x32\x39\x34\x35\x33\x20\x7a\x20\x6d\x20\x32\
\x39\x2e\x32\x35\x38\x39\x30\x34\x2c\x2d\x31\x34\x2e\x36\x39\x30\
\x31\x32\x20\x63\x20\x34\x2e\x31\x37\x38\x31\x33\x2c\x2d\x31\x30\
\x2e\x39\x38\x39\x32\x38\x20\x31\x38\x2e\x37\x34\x37\x37\x2c\x2d\
\x31\x38\x2e\x37\x31\x36\x31\x33\x20\x33\x35\x2e\x32\x39\x30\x37\
\x35\x2c\x2d\x31\x38\x2e\x37\x31\x36\x31\x33\x20\x31\x32\x2e\x34\
\x35\x32\x35\x34\x2c\x30\x20\x31\x36\x2e\x35\x36\x31\x36\x33\x2c\
\x2d\x31\x30\x2e\x36\x37\x34\x33\x31\x20\x38\x2e\x35\x32\x35\x36\
\x2c\x2d\x32\x32\x2e\x31\x34\x37\x33\x20\x2d\x38\x2e\x30\x36\x39\
\x34\x2c\x2d\x31\x31\x2e\x35\x32\x30\x37\x20\x2d\x37\x2e\x39\x32\
\x35\x32\x31\x2c\x2d\x32\x31\x2e\x35\x34\x32\x39\x32\x20\x30\x2e\
\x34\x39\x34\x38\x33\x2c\x2d\x33\x34\x2e\x33\x39\x33\x35\x33\x20\
\x38\x2e\x32\x35\x36\x34\x31\x2c\x2d\x31\x32\x2e\x36\x30\x30\x38\
\x37\x38\x20\x32\x2e\x30\x38\x30\x34\x31\x2c\x2d\x32\x32\x2e\x37\
\x39\x38\x39\x35\x35\x20\x2d\x31\x33\x2e\x38\x30\x37\x31\x31\x2c\
\x2d\x32\x32\x2e\x37\x39\x38\x39\x35\x35\x20\x2d\x31\x34\x2e\x35\
\x31\x32\x35\x39\x2c\x30\x20\x2d\x32\x36\x2e\x31\x33\x36\x30\x34\
\x2c\x2d\x37\x2e\x32\x32\x37\x33\x37\x37\x20\x2d\x33\x30\x2e\x36\
\x32\x39\x30\x36\x2c\x2d\x31\x39\x2e\x30\x34\x34\x39\x30\x36\x20\
\x2d\x35\x2e\x31\x33\x38\x34\x31\x2c\x2d\x31\x33\x2e\x35\x31\x35\
\x30\x37\x36\x20\x2d\x31\x39\x2e\x37\x32\x33\x31\x38\x34\x2c\x2d\
\x31\x33\x2e\x35\x31\x35\x30\x37\x36\x20\x2d\x32\x34\x2e\x38\x36\
\x31\x36\x30\x35\x2c\x30\x20\x2d\x34\x2e\x35\x31\x39\x35\x37\x36\
\x2c\x31\x31\x2e\x38\x38\x37\x33\x36\x36\x20\x2d\x31\x36\x2e\x31\
\x33\x30\x32\x34\x39\x2c\x31\x39\x2e\x30\x34\x34\x39\x30\x36\x20\
\x2d\x33\x30\x2e\x38\x39\x33\x39\x30\x38\x2c\x31\x39\x2e\x30\x34\
\x34\x39\x30\x36\x20\x2d\x31\x34\x2e\x34\x30\x37\x32\x38\x32\x2c\
\x30\x20\x2d\x31\x37\x2e\x31\x30\x38\x31\x32\x36\x2c\x36\x2e\x34\
\x32\x36\x39\x34\x38\x20\x2d\x31\x30\x2e\x37\x37\x30\x35\x37\x34\
\x2c\x32\x35\x2e\x36\x32\x39\x38\x38\x35\x20\x34\x2e\x36\x35\x38\
\x32\x35\x2c\x31\x34\x2e\x31\x31\x34\x36\x34\x20\x34\x2e\x34\x35\
\x39\x37\x30\x39\x2c\x31\x38\x2e\x33\x37\x38\x31\x20\x2d\x31\x2e\
\x34\x33\x31\x31\x32\x32\x2c\x33\x30\x2e\x37\x33\x31\x32\x36\x20\
\x2d\x36\x2e\x35\x36\x38\x37\x37\x32\x2c\x31\x33\x2e\x37\x37\x34\
\x38\x36\x20\x2d\x36\x2e\x34\x39\x35\x32\x35\x31\x2c\x31\x34\x2e\
\x35\x38\x34\x33\x32\x20\x31\x2e\x38\x35\x35\x39\x35\x37\x2c\x32\
\x30\x2e\x34\x33\x33\x37\x33\x20\x34\x2e\x37\x38\x32\x36\x31\x36\
\x2c\x33\x2e\x33\x34\x39\x38\x37\x20\x31\x31\x2e\x31\x35\x31\x37\
\x34\x36\x2c\x35\x2e\x31\x34\x38\x31\x38\x20\x31\x34\x2e\x31\x35\
\x33\x36\x34\x35\x2c\x33\x2e\x39\x39\x36\x32\x35\x20\x38\x2e\x33\
\x31\x33\x32\x36\x32\x2c\x2d\x33\x2e\x31\x39\x30\x31\x31\x20\x32\
\x32\x2e\x37\x34\x39\x30\x37\x34\x2c\x36\x2e\x31\x38\x36\x36\x31\
\x20\x32\x37\x2e\x30\x38\x36\x30\x30\x32\x2c\x31\x37\x2e\x35\x39\
\x33\x35\x36\x20\x35\x2e\x32\x30\x33\x39\x31\x37\x2c\x31\x33\x2e\
\x36\x38\x37\x33\x37\x20\x31\x39\x2e\x37\x33\x30\x33\x35\x35\x2c\
\x31\x33\x2e\x34\x39\x36\x32\x32\x20\x32\x34\x2e\x39\x38\x36\x35\
\x39\x35\x2c\x2d\x30\x2e\x33\x32\x38\x37\x39\x20\x7a\x20\x4d\x20\
\x38\x30\x2e\x31\x36\x30\x34\x38\x37\x2c\x31\x33\x39\x2e\x38\x38\
\x31\x33\x20\x43\x20\x36\x38\x2e\x30\x39\x39\x37\x38\x39\x2c\x31\
\x32\x37\x2e\x30\x34\x33\x32\x39\x20\x36\x38\x2e\x33\x35\x38\x36\
\x36\x2c\x31\x30\x37\x2e\x36\x32\x35\x36\x38\x20\x38\x30\x2e\x37\
\x34\x35\x36\x35\x36\x2c\x39\x35\x2e\x39\x38\x38\x37\x30\x32\x20\
\x31\x30\x34\x2e\x33\x32\x33\x37\x32\x2c\x37\x33\x2e\x38\x33\x38\
\x32\x36\x33\x20\x31\x34\x31\x2e\x36\x37\x33\x31\x36\x2c\x39\x39\
\x2e\x33\x37\x39\x36\x35\x39\x20\x31\x32\x39\x2e\x33\x31\x38\x39\
\x2c\x31\x32\x39\x2e\x32\x30\x35\x34\x39\x20\x31\x32\x30\x2e\x32\
\x30\x38\x37\x32\x2c\x31\x35\x31\x2e\x31\x39\x39\x34\x32\x20\x39\
\x35\x2e\x37\x37\x37\x37\x35\x2c\x31\x35\x36\x2e\x35\x30\x35\x31\
\x33\x20\x38\x30\x2e\x31\x36\x30\x34\x38\x37\x2c\x31\x33\x39\x2e\
\x38\x38\x31\x33\x20\x5a\x20\x6d\x20\x33\x37\x2e\x31\x33\x36\x38\
\x30\x33\x2c\x2d\x31\x31\x2e\x37\x34\x32\x34\x36\x20\x63\x20\x31\
\x32\x2e\x33\x33\x32\x39\x33\x2c\x2d\x32\x33\x2e\x30\x34\x34\x33\
\x20\x2d\x31\x37\x2e\x37\x30\x34\x36\x36\x2c\x2d\x34\x30\x2e\x30\
\x35\x37\x33\x38\x33\x20\x2d\x33\x32\x2e\x30\x35\x35\x31\x34\x36\
\x2c\x2d\x31\x38\x2e\x31\x35\x35\x38\x31\x20\x2d\x36\x2e\x34\x37\
\x30\x39\x37\x34\x2c\x39\x2e\x38\x37\x35\x39\x38\x20\x2d\x36\x2e\
\x34\x33\x35\x39\x35\x33\x2c\x31\x31\x2e\x30\x37\x30\x35\x39\x20\
\x30\x2e\x35\x35\x30\x39\x34\x2c\x31\x38\x2e\x37\x39\x31\x20\x39\
\x2e\x38\x35\x39\x35\x34\x33\x2c\x31\x30\x2e\x38\x39\x34\x36\x39\
\x20\x32\x35\x2e\x35\x30\x32\x33\x39\x36\x2c\x31\x30\x2e\x35\x37\
\x39\x32\x39\x20\x33\x31\x2e\x35\x30\x34\x32\x30\x36\x2c\x2d\x30\
\x2e\x36\x33\x35\x31\x39\x20\x7a\x22\x0a\x20\x20\x20\x20\x20\x20\
\x20\x69\x64\x3d\x22\x70\x61\x74\x68\x32\x32\x33\x22\x20\x2f\x3e\
\x3c\x2f\x67\x3e\x3c\x2f\x73\x76\x67\x3e\x0a\
\x00\x00\x01\x31\
\x3c\
\x73\x76\x67\x20\x77\x69\x64\x74\x68\x3d\x22\x32\x34\x22\x20\x68\
\x65\x69\x67\x68\x74\x3d\x22\x32\x34\x22\x20\x76\x69\x65\x77\x42\
\x6f\x78\x3d\x22\x30\x20\x30\x20\x32\x34\x20\x32\x34\x22\x20\x78\
\x6d\x6c\x6e\x73\x3d\x22\x68\x74\x74\x70\x3a\x2f\x2f\x77\x77\x77\
\x2e\x77\x33\x2e\x6f\x72\x67\x2f\x32\x30\x30\x30\x2f\x73\x76\x67\
\x22\x3e\x0a\x20\x20\x3c\x63\x69\x72\x63\x6c\x65\x20\x63\x78\x3d\
\x22\x31\x32\x22\x20\x63\x79\x3d\x22\x31\x32\x22\x20\x72\x3d\x22\
\x39\x22\x20\x66\x69\x6c\x6c\x3d\x22\x6e\x6f\x6e\x65\x22\x20\x73\
\x74\x72\x6f\x6b\x65\x3d\x22\x23\x30\x30\x30\x30\x30\x30\x22\x20\
\x73\x74\x72\x6f\x6b\x65\x2d\x77\x69\x64\x74\x68\x3d\x22\x31\x2e\
\x38\x22\x2f\x3e\x0a\x20\x20\x3c\x63\x69\x72\x63\x6c\x65\x20\x63\
\x78\x3d\x22\x31\x32\x22\x20\x63\x79\x3d\x22\x31\x32\x22\x20\x72\
\x3d\x22\x34\x22\x20\x66\x69\x6c\x6c\x3d\x22\x6e\x6f\x6e\x65\x22\
\x20\x73\x74\x72\x6f\x6b\x65\x3d\x22\x23\x30\x30\x30\x30\x30\x30\
\x22\x20\x73\x74\x72\x6f\x6b\x65\x2d\x77\x69\x64\x74\x68\x3d\x22\
\x31\x2e\x38\x22\x2f\x3e\x0a\x20\x20\x3c\x63\x69\x72\x63\x6c\x65\
\x20\x63\x78\x3d\x22\x31\x32\x22\x20\x63\x79\x3d\x22\x31\x32\x22\
\x20\x72\x3d\x22\x31\x2e\x35\x22\x20\x66\x69\x6c\x6c\x3d\x22\x23\
\x30\x30\x30\x30\x30\x30\x22\x2f\x3e\x0a\x3c\x2f\x73\x76\x67\x3e\
\
\x00\x00\x09\xac\
\x3c\
\x3f\x78\x6d\x6c\x20\x76\x65\x72\x73\x69\x6f\x6e\x3d\x22\x31\x2e\
\x30\x22\x20\x65\x6e\x63\x6f\x64\x69\x6e\x67\x3d\x22\x55\x54\x46\
\x2d\x38\x22\x20\x73\x74\x61\x6e\x64\x61\x6c\x6f\x6e\x65\x3d\x22\
\x6e\x6f\x22\x3f\x3e\x0a\x3c\x21\x2d\x2d\x20\x43\x72\x65\x61\x74\
\x65\x64\x20\x77\x69\x74\x68\x20\x49\x6e\x6b\x73\x63\x61\x70\x65\
\x20\x28\x68\x74\x74\x70\x3a\x2f\x2f\x77\x77\x77\x2e\x69\x6e\x6b\
\x73\x63\x61\x70\x65\x2e\x6f\x72\x67\x2f\x29\x20\x2d\x2d\x3e\x0a\
\x0a\x3c\x73\x76\x67\x0a\x20\x20\x20\x77\x69\x64\x74\x68\x3d\x22\
\x39\x31\x2e\x30\x32\x35\x34\x32\x31\x6d\x6d\x22\x0a\x20\x20\x20\
\x68\x65\x69\x67\x68\x74\x3d\x22\x39\x39\x2e\x36\x39\x30\x33\x34\
\x36\x6d\x6d\x22\x0a\x20\x20\x20\x76\x69\x65\x77\x42\x6f\x78\x3d\
\x22\x30\x20\x30\x20\x39\x31\x2e\x30\x32\x35\x34\x32\x31\x20\x39\
\x39\x2e\x36\x39\x30\x33\x34\x36\x22\x0a\x20\x20\x20\x76\x65\x72\
\x73\x69\x6f\x6e\x3d\x22\x31\x2e\x31\x22\x0a\x20\x20\x20\x69\x64\
\x3d\x22\x73\x76\x67\x35\x22\x0a\x20\x20\x20\x78\x6d\x6c\x3a\x73\
\x70\x61\x63\x65\x3d\x22\x70\x72\x65\x73\x65\x72\x76\x65\x22\x0a\
\x20\x20\x20\x69\x6e\x6b\x73\x63\x61\x70\x65\x3a\x76\x65\x72\x73\
\x69\x6f\x6e\x3d\x22\x31\x2e\x32\x2e\x32\x20\x28\x62\x30\x61\x38\
\x34\x38\x36\x35\x34\x31\x2c\x20\x32\x30\x32\x32\x2d\x31\x32\x2d\
\x30\x31\x29\x22\x0a\x20\x20\x20\x73\x6f\x64\x69\x70\x6f\x64\x69\
\x3a\x64\x6f\x63\x6e\x61\x6d\x65\x3d\x22\x61\x63\x63\x6f\x75\x6e\
\x74\x2e\x73\x76\x67\x22\x0a\x20\x20\x20\x78\x6d\x6c\x6e\x73\x3a\
\x69\x6e\x6b\x73\x63\x61\x70\x65\x3d\x22\x68\x74\x74\x70\x3a\x2f\
\x2f\x77\x77\x77\x2e\x69\x6e\x6b\x73\x63\x61\x70\x65\x2e\x6f\x72\
\x67\x2f\x6e\x61\x6d\x65\x73\x70\x61\x63\x65\x73\x2f\x69\x6e\x6b\
\x73\x63\x61\x70\x65\x22\x0a\x20\x20\x20\x78\x6d\x6c\x6e\x73\x3a\
\x73\x6f\x64\x69\x70\x6f\x64\x69\x3d\x22\x68\x74\x74\x70\x3a\x2f\
\x2f\x73\x6f\x64\x69\x70\x6f\x64\x69\x2e\x73\x6f\x75\x72\x63\x65\
\x66\x6f\x72\x67\x65\x2e\x6e\x65\x74\x2f\x44\x54\x44\x2f\x73\x6f\
\x64\x69\x70\x6f\x64\x69\x2d\x30\x2e\x64\x74\x64\x22\x0a\x20\x20\
\x20\x78\x6d\x6c\x6e\x73\x3d\x22\x68\x74\x74\x70\x3a\x2f\x2f\x77\
\x77\x77\x2e\x77\x33\x2e\x6f\x72\x67\x2f\x32\x30\x30\x30\x2f\x73\
\x76\x67\x22\x0a\x20\x20\x20\x78\x6d\x6c\x6e\x73\x3a\x73\x76\x67\
\x3d\x22\x68\x74\x74\x70\x3a\x2f\x2f\x77\x77\x77\x2e\x77\x33\x2e\
\x6f\x72\x67\x2f\x32\x30\x30\x30\x2f\x73\x76\x67\x22\x3e\x3c\x73\
\x6f\x64\x69\x70\x6f\x64\x69\x3a\x6e\x61\x6d\x65\x64\x76\x69\x65\
\x77\x0a\x20\x20\x20\x20\x20\x69\x64\x3d\x22\x6e\x61\x6d\x65\x64\
\x76\x69\x65\x77\x37\x22\x0a\x20\x20\x20\x20\x20\x70\x61\x67\x65\
\x63\x6f\x6c\x6f\x72\x3d\x22\x23\x66\x66\x66\x66\x66\x66\x22\x0a\
\x20\x20\x20\x20\x20\x62\x6f\x72\x64\x65\x72\x63\x6f\x6c\x6f\x72\
\x3d\x22\x23\x30\x30\x30\x30\x30\x30\x22\x0a\x20\x20\x20\x20\x20\
\x62\x6f\x72\x64\x65\x72\x6f\x70\x61\x63\x69\x74\x79\x3d\x22\x30\
\x2e\x32\x35\x22\x0a\x20\x20\x20\x20\x20\x69\x6e\x6b\x73\x63\x61\
\x70\x65\x3a\x73\x68\x6f\x77\x70\x61\x67\x65\x73\x68\x61\x64\x6f\
\x77\x3d\x22\x32\x22\x0a\x20\x20\x20\x20\x20\x69\x6e\x6b\x73\x63\
\x61\x70\x65\x3a\x70\x61\x67\x65\x6f\x70\x61\x63\x69\x74\x79\x3d\
\x22\x30\x2e\x30\x22\x0a\x20\x20\x20\x20\x20\x69\x6e\x6b\x73\x63\
\x61\x70\x65\x3a\x70\x61\x67\x65\x63\x68\x65\x63\x6b\x65\x72\x62\
\x6f\x61\x72\x64\x3d\x22\x30\x22\x0a\x20\x20\x20\x20\x20\x69\x6e\
\x6b\x73\x63\x61\x70\x65\x3a\x64\x65\x73\x6b\x63\x6f\x6c\x6f\x72\
\x3d\x22\x23\x64\x31\x64\x31\x64\x31\x22\x0a\x20\x20\x20\x20\x20\
\x69\x6e\x6b\x73\x63\x61\x70\x65\x3a\x64\x6f\x63\x75\x6d\x65\x6e\
\x74\x2d\x75\x6e\x69\x74\x73\x3d\x22\x6d\x6d\x22\x0a\x20\x20\x20\
\x20\x20\x73\x68\x6f\x77\x67\x72\x69\x64\x3d\x22\x66\x61\x6c\x73\
\x65\x22\x0a\x20\x20\x20\x20\x20\x69\x6e\x6b\x73\x63\x61\x70\x65\
\x3a\x7a\x6f\x6f\x6d\x3d\x22\x30\x2e\x34\x32\x30\x34\x38\x32\x36\
\x22\x0a\x20\x20\x20\x20\x20\x69\x6e\x6b\x73\x63\x61\x70\x65\x3a\
\x63\x78\x3d\x22\x2d\x31\x31\x34\x2e\x31\x35\x34\x35\x35\x22\x0a\
\x20\x20\x20\x20\x20\x69\x6e\x6b\x73\x63\x61\x70\x65\x3a\x63\x79\
\x3d\x22\x31\x36\x38\x2e\x38\x35\x33\x36\x22\x0a\x20\x20\x20\x20\
\x20\x69\x6e\x6b\x73\x63\x61\x70\x65\x3a\x77\x69\x6e\x64\x6f\x77\
\x2d\x77\x69\x64\x74\x68\x3d\x22\x31\x36\x38\x30\x22\x0a\x20\x20\
\x20\x20\x20\x69\x6e\x6b\x73\x63\x61\x70\x65\x3a\x77\x69\x6e\x64\
\x6f\x77\x2d\x68\x65\x69\x67\x68\x74\x3d\x22\x31\x30\x31\x38\x22\
\x0a\x20\x20\x20\x20\x20\x69\x6e\x6b\x73\x63\x61\x70\x65\x3a\x77\
\x69\x6e\x64\x6f\x77\x2d\x78\x3d\x22\x30\x22\x0a\x20\x20\x20\x20\
\x20\x69\x6e\x6b\x73\x63\x61\x70\x65\x3a\x77\x69\x6e\x64\x6f\x77\
\x2d\x79\x3d\x22\x30\x22\x0a\x20\x20\x20\x20\x20\x69\x6e\x6b\x73\
\x63\x61\x70\x65\x3a\x77\x69\x6e\x64\x6f\x77\x2d\x6d\x61\x78\x69\
\x6d\x69\x7a\x65\x64\x3d\x22\x31\x22\x0a\x20\x20\x20\x20\x20\x69\
\x6e\x6b\x73\x63\x61\x70\x65\x3a\x63\x75\x72\x72\x65\x6e\x74\x2d\
\x6c\x61\x79\x65\x72\x3d\x22\x6c\x61\x79\x65\x72\x31\x22\x20\x2f\
\x3e\x3c\x64\x65\x66\x73\x0a\x20\x20\x20\x20\x20\x69\x64\x3d\x22\
\x64\x65\x66\x73\x32\x22\x20\x2f\x3e\x3c\x67\x0a\x20\x20\x20\x20\
\x20\x69\x6e\x6b\x73\x63\x61\x70\x65\x3a\x6c\x61\x62\x65\x6c\x3d\
\x22\x4c\x61\x79\x65\x72\x20\x31\x22\x0a\x20\x20\x20\x20\x20\x69\
\x6e\x6b\x73\x63\x61\x70\x65\x3a\x67\x72\x6f\x75\x70\x6d\x6f\x64\
\x65\x3d\x22\x6c\x61\x79\x65\x72\x22\x0a\x20\x20\x20\x20\x20\x69\
\x64\x3d\x22\x6c\x61\x79\x65\x72\x31\x22\x0a\x20\x20\x20\x20\x20\
\x74\x72\x61\x6e\x73\x66\x6f\x72\x6d\x3d\x22\x74\x72\x61\x6e\x73\
\x6c\x61\x74\x65\x28\x2d\x35\x35\x2e\x37\x30\x38\x31\x30\x33\x2c\
\x2d\x39\x39\x2e\x38\x37\x32\x37\x30\x36\x29\x22\x3e\x3c\x70\x61\
\x74\x68\x0a\x20\x20\x20\x20\x20\x20\x20\x73\x74\x79\x6c\x65\x3d\
\x22\x66\x69\x6c\x6c\x3a\x23\x30\x30\x30\x30\x30\x30\x3b\x73\x74\
\x72\x6f\x6b\x65\x2d\x77\x69\x64\x74\x68\x3a\x31\x2e\x34\x36\x39\
\x33\x37\x22\x0a\x20\x20\x20\x20\x20\x20\x20\x64\x3d\x22\x6d\x20\
\x35\x36\x2e\x31\x37\x36\x30\x34\x32\x2c\x31\x39\x32\x2e\x39\x35\
\x39\x39\x38\x20\x63\x20\x31\x2e\x37\x31\x37\x30\x35\x36\x2c\x2d\
\x31\x32\x2e\x35\x32\x37\x33\x35\x20\x31\x31\x2e\x38\x36\x35\x33\
\x34\x2c\x2d\x32\x37\x2e\x31\x30\x38\x34\x38\x20\x32\x33\x2e\x30\
\x32\x33\x32\x35\x37\x2c\x2d\x33\x33\x2e\x30\x38\x30\x30\x31\x20\
\x6c\x20\x33\x2e\x32\x31\x37\x37\x31\x36\x2c\x2d\x31\x2e\x37\x32\
\x32\x30\x37\x20\x2d\x33\x2e\x36\x35\x34\x36\x36\x36\x2c\x2d\x33\
\x2e\x39\x30\x39\x33\x33\x20\x63\x20\x2d\x39\x2e\x38\x39\x32\x34\
\x38\x32\x2c\x2d\x31\x30\x2e\x35\x38\x31\x38\x33\x20\x2d\x31\x32\
\x2e\x31\x32\x38\x36\x39\x39\x2c\x2d\x32\x36\x2e\x33\x36\x38\x34\
\x34\x20\x2d\x35\x2e\x34\x33\x35\x38\x31\x2c\x2d\x33\x38\x2e\x33\
\x37\x34\x32\x31\x20\x35\x2e\x36\x33\x38\x39\x31\x34\x2c\x2d\x31\
\x30\x2e\x31\x31\x35\x31\x35\x20\x31\x34\x2e\x31\x32\x35\x37\x36\
\x36\x2c\x2d\x31\x35\x2e\x32\x39\x30\x37\x34\x20\x32\x36\x2e\x31\
\x32\x30\x38\x39\x32\x2c\x2d\x31\x35\x2e\x39\x32\x39\x34\x37\x31\
\x20\x31\x32\x2e\x36\x35\x32\x36\x32\x39\x2c\x2d\x30\x2e\x36\x37\
\x33\x37\x34\x31\x20\x32\x30\x2e\x39\x35\x32\x30\x37\x39\x2c\x33\
\x2e\x33\x33\x35\x39\x38\x31\x20\x32\x37\x2e\x37\x37\x30\x36\x35\
\x39\x2c\x31\x33\x2e\x34\x31\x36\x38\x39\x31\x20\x38\x2e\x34\x34\
\x39\x38\x36\x2c\x31\x32\x2e\x34\x39\x32\x36\x35\x20\x37\x2e\x38\
\x34\x30\x37\x32\x2c\x32\x35\x2e\x37\x37\x38\x39\x31\x20\x2d\x31\
\x2e\x37\x35\x38\x34\x39\x2c\x33\x38\x2e\x33\x35\x34\x35\x36\x20\
\x2d\x34\x2e\x39\x35\x34\x37\x35\x2c\x36\x2e\x34\x39\x31\x30\x38\
\x20\x2d\x34\x2e\x39\x39\x39\x38\x37\x2c\x36\x2e\x36\x37\x34\x34\
\x31\x20\x2d\x32\x2e\x30\x33\x33\x33\x35\x2c\x38\x2e\x32\x36\x32\
\x30\x35\x20\x31\x30\x2e\x39\x37\x34\x37\x36\x2c\x35\x2e\x38\x37\
\x33\x35\x33\x20\x32\x31\x2e\x31\x33\x34\x37\x34\x2c\x32\x30\x2e\
\x35\x34\x35\x32\x34\x20\x32\x32\x2e\x38\x33\x39\x33\x34\x2c\x33\
\x32\x2e\x39\x38\x31\x35\x39\x20\x30\x2e\x38\x39\x39\x32\x31\x2c\
\x36\x2e\x35\x36\x30\x34\x33\x20\x30\x2e\x38\x37\x36\x35\x33\x2c\
\x36\x2e\x36\x30\x33\x30\x37\x20\x2d\x33\x2e\x35\x31\x30\x35\x32\
\x2c\x36\x2e\x36\x30\x33\x30\x37\x20\x2d\x33\x2e\x38\x39\x35\x33\
\x36\x2c\x30\x20\x2d\x34\x2e\x35\x31\x32\x34\x35\x2c\x2d\x30\x2e\
\x35\x39\x37\x30\x33\x20\x2d\x35\x2e\x32\x33\x37\x39\x35\x2c\x2d\
\x35\x2e\x30\x36\x37\x37\x31\x20\x2d\x32\x2e\x39\x30\x30\x32\x38\
\x2c\x2d\x31\x37\x2e\x38\x37\x32\x33\x35\x20\x2d\x31\x38\x2e\x30\
\x38\x34\x36\x34\x2c\x2d\x33\x30\x2e\x37\x32\x36\x37\x20\x2d\x33\
\x36\x2e\x32\x39\x36\x33\x2c\x2d\x33\x30\x2e\x37\x32\x36\x37\x20\
\x2d\x31\x38\x2e\x32\x31\x31\x36\x36\x34\x2c\x30\x20\x2d\x33\x33\
\x2e\x33\x39\x36\x30\x33\x35\x2c\x31\x32\x2e\x38\x35\x34\x33\x35\
\x20\x2d\x33\x36\x2e\x32\x39\x36\x33\x31\x35\x2c\x33\x30\x2e\x37\
\x32\x36\x37\x20\x2d\x30\x2e\x37\x32\x35\x35\x2c\x34\x2e\x34\x37\
\x30\x36\x38\x20\x2d\x31\x2e\x33\x34\x32\x35\x38\x36\x2c\x35\x2e\
\x30\x36\x37\x37\x31\x20\x2d\x35\x2e\x32\x33\x37\x39\x35\x2c\x35\
\x2e\x30\x36\x37\x37\x31\x20\x2d\x34\x2e\x33\x38\x37\x30\x36\x35\
\x2c\x30\x20\x2d\x34\x2e\x34\x30\x39\x37\x32\x35\x2c\x2d\x30\x2e\
\x30\x34\x32\x36\x20\x2d\x33\x2e\x35\x31\x30\x35\x31\x33\x2c\x2d\
\x36\x2e\x36\x30\x33\x30\x37\x20\x7a\x20\x6d\x20\x35\x35\x2e\x33\
\x30\x31\x30\x35\x38\x2c\x2d\x34\x31\x2e\x35\x32\x31\x20\x63\x20\
\x35\x2e\x39\x37\x30\x38\x39\x2c\x2d\x32\x2e\x39\x39\x39\x38\x36\
\x20\x31\x31\x2e\x33\x32\x33\x30\x36\x2c\x2d\x31\x30\x2e\x33\x37\
\x31\x35\x35\x20\x31\x32\x2e\x36\x34\x34\x35\x32\x2c\x2d\x31\x37\
\x2e\x34\x31\x35\x35\x39\x20\x31\x2e\x32\x34\x31\x30\x33\x2c\x2d\
\x36\x2e\x36\x31\x35\x32\x33\x20\x2d\x34\x2e\x32\x39\x30\x36\x36\
\x2c\x2d\x31\x37\x2e\x38\x31\x30\x30\x37\x20\x2d\x31\x30\x2e\x39\
\x39\x35\x38\x31\x2c\x2d\x32\x32\x2e\x32\x35\x32\x39\x33\x20\x2d\
\x31\x30\x2e\x30\x31\x33\x38\x39\x2c\x2d\x36\x2e\x36\x33\x35\x32\
\x32\x20\x2d\x32\x34\x2e\x35\x39\x39\x38\x36\x2c\x2d\x33\x2e\x31\
\x38\x37\x35\x31\x20\x2d\x33\x31\x2e\x30\x31\x35\x39\x32\x38\x2c\
\x37\x2e\x33\x33\x31\x32\x39\x20\x2d\x34\x2e\x38\x33\x38\x36\x37\
\x31\x2c\x37\x2e\x39\x33\x32\x37\x35\x20\x2d\x35\x2e\x31\x36\x32\
\x32\x34\x2c\x31\x33\x2e\x34\x32\x39\x30\x38\x20\x2d\x31\x2e\x32\
\x35\x34\x32\x35\x37\x2c\x32\x31\x2e\x33\x30\x35\x37\x33\x20\x36\
\x2e\x32\x31\x34\x30\x35\x32\x2c\x31\x32\x2e\x35\x32\x34\x35\x38\
\x20\x31\x38\x2e\x36\x39\x38\x31\x30\x33\x2c\x31\x37\x2e\x30\x32\
\x32\x30\x31\x20\x33\x30\x2e\x36\x32\x31\x34\x37\x35\x2c\x31\x31\
\x2e\x30\x33\x31\x35\x20\x7a\x22\x0a\x20\x20\x20\x20\x20\x20\x20\
\x69\x64\x3d\x22\x70\x61\x74\x68\x32\x33\x30\x38\x22\x20\x2f\x3e\
\x3c\x2f\x67\x3e\x3c\x2f\x73\x76\x67\x3e\x0a\
\x00\x00\x12\x5d\
\x3c\
\x3f\x78\x6d\x6c\x20\x76\x65\x72\x73\x69\x6f\x6e\x3d\x22\x31\x2e\
\x30\x22\x20\x65\x6e\x63\x6f\x64\x69\x6e\x67\x3d\x22\x55\x54\x46\
\x2d\x38\x22\x20\x73\x74\x61\x6e\x64\x61\x6c\x6f\x6e\x65\x3d\x22\
\x6e\x6f\x22\x3f\x3e\x0a\x3c\x21\x2d\x2d\x20\x43\x72\x65\x61\x74\
\x65\x64\x20\x77\x69\x74\x68\x20\x49\x6e\x6b\x73\x63\x61\x70\x65\
\x20\x28\x68\x74\x74\x70\x3a\x2f\x2f\x77\x77\x77\x2e\x69\x6e\x6b\
\x73\x63\x61\x70\x65\x2e\x6f\x72\x67\x2f\x29\x20\x2d\x2d\x3e\x0a\
\x0a\x3c\x73\x76\x67\x0a\x20\x20\x20\x77\x69\x64\x74\x68\x3d\x22\
\x31\x30\x35\x2e\x34\x35\x33\x33\x35\x6d\x6d\x22\x0a\x20\x20\x20\
\x68\x65\x69\x67\x68\x74\x3d\x22\x31\x30\x32\x2e\x33\x38\x38\x39\
\x32\x6d\x6d\x22\x0a\x20\x20\x20\x76\x69\x65\x77\x42\x6f\x78\x3d\
\x22\x30\x20\x30\x20\x31\x30\x35\x2e\x34\x35\x33\x33\x35\x20\x31\
\x30\x32\x2e\x33\x38\x38\x39\x32\x22\x0a\x20\x20\x20\x76\x65\x72\
\x73\x69\x6f\x6e\x3d\x22\x31\x2e\x31\x22\x0a\x20\x20\x20\x69\x64\
\x3d\x22\x73\x76\x67\x35\x22\x0a\x20\x20\x20\x78\x6d\x6c\x3a\x73\
\x70\x61\x63\x65\x3d\x22\x70\x72\x65\x73\x65\x72\x76\x65\x22\x0a\
\x20\x20\x20\x73\x6f\x64\x69\x70\x6f\x64\x69\x3a\x64\x6f\x63\x6e\
\x61\x6d\x65\x3d\x22\x70\x72\x6f\x70\x65\x72\x74\x69\x65\x73\x2e\
\x73\x76\x67\x22\x0a\x20\x20\x20\x69\x6e\x6b\x73\x63\x61\x70\x65\
\x3a\x76\x65\x72\x73\x69\x6f\x6e\x3d\x22\x31\x2e\x32\x2e\x32\x20\
\x28\x62\x30\x61\x38\x34\x38\x36\x35\x34\x31\x2c\x20\x32\x30\x32\
\x32\x2d\x31\x32\x2d\x30\x31\x29\x22\x0a\x20\x20\x20\x78\x6d\x6c\
\x6e\x73\x3a\x69\x6e\x6b\x73\x63\x61\x70\x65\x3d\x22\x68\x74\x74\
\x70\x3a\x2f\x2f\x77\x77\x77\x2e\x69\x6e\x6b\x73\x63\x61\x70\x65\
\x2e\x6f\x72\x67\x2f\x6e\x61\x6d\x65\x73\x70\x61\x63\x65\x73\x2f\
\x69\x6e\x6b\x73\x63\x61\x70\x65\x22\x0a\x20\x20\x20\x78\x6d\x6c\
\x6e\x73\x3a\x73\x6f\x64\x69\x70\x6f\x64\x69\x3d\x22\x68\x74\x74\
\x70\x3a\x2f\x2f\x73\x6f\x64\x69\x70\x6f\x64\x69\x2e\x73\x6f\x75\
\x72\x63\x65\x66\x6f\x72\x67\x65\x2e\x6e\x65\x74\x2f\x44\x54\x44\
\x2f\x73\x6f\x64\x69\x70\x6f\x64\x69\x2d\x30\x2e\x64\x74\x64\x22\
\x0a\x20\x20\x20\x78\x6d\x6c\x6e\x73\x3d\x22\x68\x74\x74\x70\x3a\
\x2f\x2f\x77\x77\x77\x2e\x77\x33\x2e\x6f\x72\x67\x2f\x32\x30\x30\
\x30\x2f\x73\x76\x67\x22\x0a\x20\x20\x20\x78\x6d\x6c\x6e\x73\x3a\
\x73\x76\x67\x3d\x22\x68\x74\x74\x70\x3a\x2f\x2f\x77\x77\x77\x2e\
\x77\x33\x2e\x6f\x72\x67\x2f\x32\x30\x30\x30\x2f\x73\x76\x67\x22\
\x3e\x3c\x73\x6f\x64\x69\x70\x6f\x64\x69\x3a\x6e\x61\x6d\x65\x64\
\x76\x69\x65\x77\x0a\x20\x20\x20\x20\x20\x69\x64\x3d\x22\x6e\x61\
\x6d\x65\x64\x76\x69\x65\x77\x31\x36\x35\x39\x22\x0a\x20\x20\x20\
\x20\x20\x70\x61\x67\x65\x63\x6f\x6c\x6f\x72\x3d\x22\x23\x66\x66\
\x66\x66\x66\x66\x22\x0a\x20\x20\x20\x20\x20\x62\x6f\x72\x64\x65\
\x72\x63\x6f\x6c\x6f\x72\x3d\x22\x23\x30\x30\x30\x30\x30\x30\x22\
\x0a\x20\x20\x20\x20\x20\x62\x6f\x72\x64\x65\x72\x6f\x70\x61\x63\
\x69\x74\x79\x3d\x22\x30\x2e\x32\x35\x22\x0a\x20\x20\x20\x20\x20\
\x69\x6e\x6b\x73\x63\x61\x70\x65\x3a\x73\x68\x6f\x77\x70\x61\x67\
\x65\x73\x68\x61\x64\x6f\x77\x3d\x22\x32\x22\x0a\x20\x20\x20\x20\
\x20\x69\x6e\x6b\x73\x63\x61\x70\x65\x3a\x70\x61\x67\x65\x6f\x70\
\x61\x63\x69\x74\x79\x3d\x22\x30\x2e\x30\x22\x0a\x20\x20\x20\x20\
\x20\x69\x6e\x6b\x73\x63\x61\x70\x65\x3a\x70\x61\x67\x65\x63\x68\
\x65\x63\x6b\x65\x72\x62\x6f\x61\x72\x64\x3d\x22\x30\x22\x0a\x20\
\x20\x20\x20\x20\x69\x6e\x6b\x73\x63\x61\x70\x65\x3a\x64\x65\x73\
\x6b\x63\x6f\x6c\x6f\x72\x3d\x22\x23\x64\x31\x64\x31\x64\x31\x22\
\x0a\x20\x20\x20\x20\x20\x69\x6e\x6b\x73\x63\x61\x70\x65\x3a\x64\
\x6f\x63\x75\x6d\x65\x6e\x74\x2d\x75\x6e\x69\x74\x73\x3d\x22\x6d\
\x6d\x22\x0a\x20\x20\x20\x20\x20\x73\x68\x6f\x77\x67\x72\x69\x64\
\x3d\x22\x66\x61\x6c\x73\x65\x22\x0a\x20\x20\x20\x20\x20\x69\x6e\
\x6b\x73\x63\x61\x70\x65\x3a\x7a\x6f\x6f\x6d\x3d\x22\x30\x2e\x34\
\x32\x30\x34\x38\x32\x36\x22\x0a\x20\x20\x20\x20\x20\x69\x6e\x6b\
\x73\x63\x61\x70\x65\x3a\x63\x78\x3d\x22\x2d\x31\x33\x33\x2e\x31\
\x38\x30\x33\x22\x0a\x20\x20\x20\x20\x20\x69\x6e\x6b\x73\x63\x61\
\x70\x65\x3a\x63\x79\x3d\x22\x2d\x31\x39\x2e\x30\x32\x35\x37\x35\
\x37\x22\x0a\x20\x20\x20\x20\x20\x69\x6e\x6b\x73\x63\x61\x70\x65\
\x3a\x77\x69\x6e\x64\x6f\x77\x2d\x77\x69\x64\x74\x68\x3d\x22\x31\
\x36\x38\x30\x22\x0a\x20\x20\x20\x20\x20\x69\x6e\x6b\x73\x63\x61\
\x70\x65\x3a\x77\x69\x6e\x64\x6f\x77\x2d\x68\x65\x69\x67\x68\x74\
\x3d\x22\x31\x30\x31\x38\x22\x0a\x20\x20\x20\x20\x20\x69\x6e\x6b\
\x73\x63\x61\x70\x65\x3a\x77\x69\x6e\x64\x6f\x77\x2d\x78\x3d\x22\
\x30\x22\x0a\x20\x20\x20\x20\x20\x69\x6e\x6b\x73\x63\x61\x70\x65\
\x3a\x77\x69\x6e\x64\x6f\x77\x2d\x79\x3d\x22\x30\x22\x0a\x20\x20\
\x20\x20\x20\x69\x6e\x6b\x73\x63\x61\x70\x65\x3a\x77\x69\x6e\x64\
\x6f\x77\x2d\x6d\x61\x78\x69\x6d\x69\x7a\x65\x64\x3d\x22\x31\x22\
\x0a\x20\x20\x20\x20\x20\x69\x6e\x6b\x73\x63\x61\x70\x65\x3a\x63\
\x75\x72\x72\x65\x6e\x74\x2d\x6c\x61\x79\x65\x72\x3d\x22\x73\x76\
\x67\x35\x22\x20\x2f\x3e\x3c\x64\x65\x66\x73\x0a\x20\x20\x20\x20\
\x20\x69\x64\x3d\x22\x64\x65\x66\x73\x32\x22\x20\x2f\x3e\x3c\x67\
\x0a\x20\x20\x20\x20\x20\x69\x64\x3d\x22\x6c\x61\x79\x65\x72\x31\
\x22\x0a\x20\x20\x20\x20\x20\x74\x72\x61\x6e\x73\x66\x6f\x72\x6d\
\x3d\x22\x6d\x61\x74\x72\x69\x78\x28\x31\x2e\x31\x35\x39\x33\x30\
\x38\x33\x2c\x30\x2c\x30\x2c\x31\x2e\x31\x35\x39\x33\x30\x38\x33\
\x2c\x2d\x36\x30\x2e\x39\x37\x35\x32\x33\x37\x2c\x2d\x39\x35\x2e\
\x35\x30\x37\x34\x35\x37\x29\x22\x3e\x3c\x70\x61\x74\x68\x0a\x20\
\x20\x20\x20\x20\x20\x20\x73\x74\x79\x6c\x65\x3d\x22\x66\x69\x6c\
\x6c\x3a\x23\x30\x30\x30\x30\x30\x30\x3b\x73\x74\x72\x6f\x6b\x65\
\x2d\x77\x69\x64\x74\x68\x3a\x30\x2e\x39\x32\x37\x32\x36\x32\x22\
\x0a\x20\x20\x20\x20\x20\x20\x20\x64\x3d\x22\x6d\x20\x35\x34\x2e\
\x36\x35\x37\x30\x36\x33\x2c\x31\x36\x39\x2e\x32\x35\x35\x30\x39\
\x20\x63\x20\x2d\x31\x2e\x31\x33\x33\x34\x36\x2c\x2d\x30\x2e\x37\
\x39\x33\x39\x31\x20\x2d\x32\x2e\x30\x36\x30\x38\x34\x2c\x2d\x32\
\x2e\x30\x34\x35\x37\x31\x20\x2d\x32\x2e\x30\x36\x30\x38\x34\x2c\
\x2d\x32\x2e\x37\x38\x31\x37\x38\x20\x30\x2c\x2d\x31\x2e\x37\x35\
\x38\x30\x35\x20\x31\x2e\x35\x30\x38\x39\x34\x2c\x2d\x31\x2e\x37\
\x32\x31\x38\x32\x20\x32\x2e\x31\x38\x39\x38\x34\x2c\x30\x2e\x30\
\x35\x32\x36\x20\x30\x2e\x34\x36\x33\x37\x31\x2c\x31\x2e\x32\x30\
\x38\x34\x31\x20\x36\x2e\x31\x32\x30\x36\x38\x2c\x31\x2e\x33\x39\
\x30\x38\x39\x20\x34\x33\x2e\x31\x31\x37\x37\x31\x2c\x31\x2e\x33\
\x39\x30\x38\x39\x20\x34\x37\x2e\x30\x39\x35\x39\x33\x37\x2c\x30\
\x20\x34\x33\x2e\x37\x30\x39\x36\x32\x37\x2c\x30\x2e\x34\x36\x36\
\x39\x34\x20\x34\x33\x2e\x37\x30\x39\x36\x32\x37\x2c\x2d\x36\x2e\
\x30\x32\x37\x32\x20\x30\x2c\x2d\x36\x2e\x34\x39\x32\x35\x35\x20\
\x33\x2e\x33\x34\x36\x36\x35\x2c\x2d\x36\x2e\x30\x32\x37\x32\x31\
\x20\x2d\x34\x33\x2e\x33\x34\x36\x34\x38\x37\x2c\x2d\x36\x2e\x30\
\x32\x37\x32\x31\x20\x2d\x33\x39\x2e\x31\x32\x35\x36\x35\x2c\x30\
\x20\x2d\x34\x32\x2e\x33\x30\x37\x37\x33\x2c\x30\x2e\x31\x31\x38\
\x38\x35\x20\x2d\x34\x33\x2e\x34\x30\x36\x33\x32\x2c\x31\x2e\x36\
\x32\x31\x32\x35\x20\x2d\x31\x2e\x35\x37\x39\x30\x35\x2c\x32\x2e\
\x31\x35\x39\x34\x38\x20\x2d\x32\x2e\x36\x39\x33\x37\x37\x2c\x30\
\x2e\x39\x31\x33\x36\x39\x20\x2d\x31\x2e\x33\x37\x39\x36\x31\x2c\
\x2d\x31\x2e\x35\x34\x31\x38\x33\x20\x31\x2e\x30\x32\x36\x36\x31\
\x2c\x2d\x31\x2e\x39\x31\x38\x32\x34\x20\x31\x2e\x33\x38\x38\x33\
\x37\x2c\x2d\x31\x2e\x39\x33\x33\x39\x34\x20\x34\x34\x2e\x35\x35\
\x31\x31\x2c\x2d\x31\x2e\x39\x33\x33\x39\x34\x20\x34\x39\x2e\x36\
\x38\x33\x39\x36\x37\x2c\x30\x20\x34\x35\x2e\x34\x33\x35\x38\x34\
\x37\x2c\x2d\x30\x2e\x38\x31\x33\x30\x31\x20\x34\x35\x2e\x34\x33\
\x35\x38\x34\x37\x2c\x38\x2e\x36\x39\x35\x34\x35\x20\x30\x2c\x38\
\x2e\x34\x31\x38\x31\x39\x20\x32\x2e\x34\x30\x33\x33\x39\x2c\x37\
\x2e\x39\x39\x35\x32\x37\x20\x2d\x34\x35\x2e\x34\x33\x35\x38\x34\
\x37\x2c\x37\x2e\x39\x39\x35\x32\x37\x20\x2d\x33\x35\x2e\x38\x39\
\x31\x38\x31\x2c\x30\x20\x2d\x34\x31\x2e\x35\x38\x34\x36\x35\x2c\
\x2d\x30\x2e\x31\x38\x39\x34\x35\x20\x2d\x34\x33\x2e\x33\x37\x35\
\x30\x32\x2c\x2d\x31\x2e\x34\x34\x33\x34\x38\x20\x7a\x20\x6d\x20\
\x2d\x31\x2e\x35\x36\x38\x32\x36\x2c\x2d\x36\x2e\x32\x34\x36\x34\
\x33\x20\x63\x20\x2d\x30\x2e\x33\x39\x36\x39\x33\x2c\x2d\x30\x2e\
\x39\x31\x34\x34\x38\x20\x2d\x30\x2e\x34\x36\x31\x35\x31\x2c\x2d\
\x31\x2e\x39\x32\x32\x38\x38\x20\x2d\x30\x2e\x31\x34\x33\x35\x2c\
\x2d\x32\x2e\x32\x34\x30\x38\x38\x20\x30\x2e\x39\x34\x31\x36\x32\
\x2c\x2d\x30\x2e\x39\x34\x31\x36\x33\x20\x31\x2e\x37\x30\x30\x36\
\x38\x2c\x30\x2e\x33\x38\x31\x30\x35\x20\x31\x2e\x32\x36\x37\x32\
\x38\x2c\x32\x2e\x32\x30\x38\x33\x20\x2d\x30\x2e\x33\x38\x34\x32\
\x31\x2c\x31\x2e\x36\x31\x39\x38\x37\x20\x2d\x30\x2e\x34\x33\x34\
\x32\x2c\x31\x2e\x36\x32\x31\x33\x32\x20\x2d\x31\x2e\x31\x32\x33\
\x37\x38\x2c\x30\x2e\x30\x33\x32\x36\x20\x7a\x20\x4d\x20\x31\x30\
\x38\x2e\x36\x38\x38\x32\x31\x2c\x31\x34\x36\x2e\x39\x30\x38\x33\
\x20\x63\x20\x2d\x38\x2e\x35\x34\x39\x32\x31\x2c\x2d\x34\x2e\x35\
\x34\x39\x33\x36\x20\x2d\x32\x33\x2e\x31\x36\x33\x35\x32\x37\x2c\
\x2d\x31\x33\x2e\x34\x36\x30\x33\x39\x20\x2d\x32\x33\x2e\x38\x35\
\x33\x33\x35\x37\x2c\x2d\x31\x34\x2e\x35\x34\x34\x35\x20\x2d\x31\
\x2e\x32\x33\x38\x31\x2c\x2d\x31\x2e\x39\x34\x35\x37\x37\x20\x2d\
\x30\x2e\x38\x33\x37\x30\x34\x2c\x2d\x33\x32\x2e\x35\x35\x35\x30\
\x32\x34\x20\x30\x2e\x34\x34\x37\x33\x36\x2c\x2d\x33\x34\x2e\x31\
\x34\x33\x30\x38\x34\x20\x31\x2e\x38\x37\x32\x37\x37\x2c\x2d\x32\
\x2e\x33\x31\x35\x35\x33\x20\x32\x36\x2e\x30\x30\x31\x30\x39\x37\
\x2c\x2d\x31\x35\x2e\x38\x33\x30\x36\x36\x39\x20\x32\x38\x2e\x32\
\x37\x34\x35\x32\x37\x2c\x2d\x31\x35\x2e\x38\x33\x37\x35\x37\x34\
\x20\x32\x2e\x32\x35\x34\x31\x2c\x2d\x30\x2e\x30\x30\x36\x38\x20\
\x32\x34\x2e\x34\x31\x38\x37\x34\x2c\x31\x32\x2e\x32\x30\x31\x32\
\x33\x34\x20\x32\x37\x2e\x38\x32\x34\x38\x35\x2c\x31\x35\x2e\x33\
\x32\x35\x36\x38\x34\x20\x32\x2e\x30\x30\x38\x31\x33\x2c\x31\x2e\
\x38\x34\x32\x30\x36\x20\x32\x2e\x30\x38\x36\x33\x34\x2c\x32\x2e\
\x35\x31\x30\x30\x31\x34\x20\x32\x2e\x30\x38\x36\x33\x34\x2c\x31\
\x37\x2e\x38\x31\x37\x36\x33\x34\x20\x30\x2c\x31\x35\x2e\x33\x30\
\x35\x34\x34\x20\x2d\x30\x2e\x30\x37\x38\x35\x2c\x31\x35\x2e\x39\
\x37\x36\x31\x20\x2d\x32\x2e\x30\x38\x36\x33\x34\x2c\x31\x37\x2e\
\x38\x32\x34\x39\x39\x20\x2d\x31\x2e\x39\x33\x32\x34\x35\x2c\x31\
\x2e\x37\x37\x39\x34\x36\x20\x2d\x32\x36\x2e\x34\x33\x31\x39\x2c\
\x31\x36\x2e\x30\x32\x30\x30\x38\x20\x2d\x32\x37\x2e\x35\x36\x30\
\x38\x33\x2c\x31\x36\x2e\x30\x32\x30\x30\x38\x20\x2d\x30\x2e\x32\
\x37\x36\x39\x39\x2c\x30\x20\x2d\x32\x2e\x35\x38\x36\x36\x33\x2c\
\x2d\x31\x2e\x31\x30\x38\x34\x35\x20\x2d\x35\x2e\x31\x33\x32\x35\
\x35\x2c\x2d\x32\x2e\x34\x36\x33\x32\x33\x20\x7a\x20\x6d\x20\x33\
\x2e\x39\x37\x31\x32\x32\x2c\x2d\x31\x35\x2e\x33\x35\x35\x30\x35\
\x20\x2d\x30\x2e\x32\x35\x34\x37\x39\x2c\x2d\x31\x35\x2e\x30\x33\
\x36\x34\x39\x20\x2d\x31\x32\x2e\x33\x34\x33\x35\x2c\x2d\x37\x2e\
\x36\x38\x31\x34\x33\x20\x63\x20\x2d\x36\x2e\x37\x38\x38\x39\x31\
\x37\x2c\x2d\x34\x2e\x32\x32\x34\x37\x39\x20\x2d\x31\x32\x2e\x37\
\x33\x34\x39\x39\x37\x2c\x2d\x37\x2e\x36\x38\x31\x34\x34\x20\x2d\
\x31\x33\x2e\x32\x31\x33\x34\x38\x37\x2c\x2d\x37\x2e\x36\x38\x31\
\x34\x34\x20\x2d\x30\x2e\x35\x30\x35\x32\x38\x2c\x30\x20\x2d\x30\
\x2e\x38\x36\x39\x39\x39\x2c\x36\x2e\x31\x37\x31\x38\x38\x20\x2d\
\x30\x2e\x38\x36\x39\x39\x39\x2c\x31\x34\x2e\x37\x32\x32\x36\x36\
\x20\x30\x2c\x31\x32\x2e\x35\x31\x32\x36\x20\x30\x2e\x32\x32\x38\
\x33\x37\x2c\x31\x34\x2e\x39\x31\x33\x37\x20\x31\x2e\x35\x32\x31\
\x33\x34\x2c\x31\x35\x2e\x39\x39\x35\x32\x38\x20\x31\x2e\x39\x32\
\x35\x36\x31\x2c\x31\x2e\x36\x31\x30\x37\x39\x20\x32\x33\x2e\x37\
\x33\x31\x38\x36\x37\x2c\x31\x34\x2e\x35\x33\x38\x35\x20\x32\x34\
\x2e\x36\x39\x36\x37\x38\x37\x2c\x31\x34\x2e\x36\x34\x31\x33\x35\
\x20\x30\x2e\x33\x39\x35\x31\x33\x2c\x30\x2e\x30\x34\x32\x31\x20\
\x30\x2e\x36\x30\x33\x37\x37\x2c\x2d\x36\x2e\x36\x38\x39\x38\x36\
\x20\x30\x2e\x34\x36\x33\x36\x34\x2c\x2d\x31\x34\x2e\x39\x35\x39\
\x39\x33\x20\x7a\x20\x6d\x20\x31\x35\x2e\x39\x37\x32\x33\x2c\x37\
\x2e\x33\x33\x37\x35\x37\x20\x63\x20\x31\x34\x2e\x32\x33\x38\x39\
\x32\x2c\x2d\x38\x2e\x31\x37\x39\x34\x36\x20\x31\x32\x2e\x39\x38\
\x31\x36\x37\x2c\x2d\x35\x2e\x39\x34\x31\x30\x37\x20\x31\x32\x2e\
\x39\x38\x31\x36\x37\x2c\x2d\x32\x33\x2e\x31\x31\x32\x34\x34\x20\
\x30\x2c\x2d\x31\x31\x2e\x37\x33\x31\x34\x35\x20\x2d\x30\x2e\x32\
\x35\x30\x32\x32\x2c\x2d\x31\x34\x2e\x36\x39\x38\x39\x35\x20\x2d\
\x31\x2e\x32\x31\x39\x33\x37\x2c\x2d\x31\x34\x2e\x34\x36\x30\x36\
\x36\x20\x2d\x30\x2e\x36\x37\x30\x36\x35\x2c\x30\x2e\x31\x36\x34\
\x38\x39\x20\x2d\x36\x2e\x37\x31\x39\x33\x36\x2c\x33\x2e\x36\x33\
\x37\x39\x35\x20\x2d\x31\x33\x2e\x34\x34\x31\x35\x36\x2c\x37\x2e\
\x37\x31\x37\x39\x20\x6c\x20\x2d\x31\x32\x2e\x32\x32\x32\x32\x2c\
\x37\x2e\x34\x31\x38\x31\x20\x2d\x30\x2e\x30\x30\x34\x2c\x31\x35\
\x2e\x31\x30\x30\x36\x34\x20\x2d\x30\x2e\x30\x30\x34\x2c\x31\x35\
\x2e\x31\x30\x30\x36\x34\x20\x32\x2e\x30\x38\x36\x33\x34\x2c\x2d\
\x31\x2e\x30\x38\x35\x36\x33\x20\x63\x20\x31\x2e\x31\x34\x37\x34\
\x38\x2c\x2d\x30\x2e\x35\x39\x37\x30\x39\x20\x36\x2e\x34\x36\x37\
\x36\x35\x2c\x2d\x33\x2e\x36\x30\x32\x34\x34\x20\x31\x31\x2e\x38\
\x32\x32\x35\x39\x2c\x2d\x36\x2e\x36\x37\x38\x35\x35\x20\x7a\x20\
\x6d\x20\x2d\x31\x2e\x36\x33\x31\x33\x38\x2c\x2d\x33\x32\x2e\x32\
\x38\x36\x30\x37\x20\x63\x20\x36\x2e\x37\x36\x32\x32\x2c\x2d\x34\
\x2e\x31\x34\x31\x39\x34\x20\x31\x32\x2e\x34\x31\x35\x32\x37\x2c\
\x2d\x37\x2e\x36\x33\x35\x32\x33\x34\x20\x31\x32\x2e\x35\x36\x32\
\x33\x38\x2c\x2d\x37\x2e\x37\x36\x32\x38\x35\x34\x20\x30\x2e\x35\
\x36\x31\x33\x34\x2c\x2d\x30\x2e\x34\x38\x36\x39\x36\x20\x2d\x32\
\x34\x2e\x35\x31\x32\x31\x32\x2c\x2d\x31\x34\x2e\x33\x37\x38\x37\
\x33\x20\x2d\x32\x35\x2e\x39\x35\x32\x33\x38\x2c\x2d\x31\x34\x2e\
\x33\x37\x38\x37\x33\x20\x2d\x30\x2e\x38\x33\x33\x35\x34\x2c\x30\
\x20\x2d\x37\x2e\x30\x30\x37\x37\x33\x2c\x33\x2e\x31\x39\x31\x34\
\x37\x20\x2d\x31\x33\x2e\x37\x32\x30\x34\x31\x37\x2c\x37\x2e\x30\
\x39\x32\x31\x36\x20\x6c\x20\x2d\x31\x32\x2e\x32\x30\x34\x39\x2c\
\x37\x2e\x30\x39\x32\x31\x36\x20\x32\x2e\x36\x32\x33\x35\x35\x2c\
\x31\x2e\x36\x33\x34\x39\x37\x34\x20\x63\x20\x31\x2e\x34\x34\x32\
\x39\x35\x2c\x30\x2e\x38\x39\x39\x32\x33\x20\x37\x2e\x30\x30\x34\
\x38\x37\x2c\x34\x2e\x33\x37\x39\x32\x39\x20\x31\x32\x2e\x33\x35\
\x39\x38\x30\x37\x2c\x37\x2e\x37\x33\x33\x34\x37\x20\x35\x2e\x33\
\x35\x34\x39\x34\x2c\x33\x2e\x33\x35\x34\x31\x39\x20\x31\x30\x2e\
\x32\x35\x33\x39\x33\x2c\x36\x2e\x31\x30\x33\x32\x37\x20\x31\x30\
\x2e\x38\x38\x36\x36\x36\x2c\x36\x2e\x31\x30\x39\x30\x37\x20\x30\
\x2e\x36\x33\x32\x37\x32\x2c\x30\x2e\x30\x30\x36\x20\x36\x2e\x36\
\x38\x33\x31\x31\x2c\x2d\x33\x2e\x33\x37\x38\x33\x20\x31\x33\x2e\
\x34\x34\x35\x33\x2c\x2d\x37\x2e\x35\x32\x30\x32\x35\x20\x7a\x20\
\x6d\x20\x2d\x37\x33\x2e\x34\x34\x34\x32\x34\x37\x2c\x33\x34\x2e\
\x34\x38\x32\x33\x38\x20\x63\x20\x2d\x30\x2e\x35\x32\x37\x39\x33\
\x2c\x2d\x30\x2e\x39\x38\x36\x34\x36\x20\x2d\x30\x2e\x39\x35\x39\
\x38\x38\x2c\x2d\x35\x2e\x35\x31\x31\x37\x34\x20\x2d\x30\x2e\x39\
\x35\x39\x38\x38\x2c\x2d\x31\x30\x2e\x30\x35\x36\x31\x37\x20\x30\
\x2c\x2d\x31\x30\x2e\x38\x38\x36\x38\x37\x20\x30\x2e\x34\x36\x34\
\x34\x39\x2c\x2d\x31\x31\x2e\x33\x33\x31\x38\x32\x20\x31\x31\x2e\
\x38\x32\x39\x33\x37\x2c\x2d\x31\x31\x2e\x33\x33\x31\x38\x32\x20\
\x31\x31\x2e\x31\x35\x31\x34\x36\x2c\x30\x20\x31\x31\x2e\x33\x35\
\x32\x31\x39\x2c\x30\x2e\x32\x31\x31\x30\x33\x20\x31\x31\x2e\x33\
\x35\x32\x31\x39\x2c\x31\x31\x2e\x39\x33\x35\x31\x39\x20\x30\x2c\
\x35\x2e\x37\x37\x39\x39\x33\x20\x2d\x30\x2e\x33\x39\x39\x37\x38\
\x2c\x39\x2e\x34\x32\x30\x37\x31\x20\x2d\x31\x2e\x31\x31\x32\x37\
\x32\x2c\x31\x30\x2e\x31\x33\x33\x36\x35\x20\x2d\x30\x2e\x37\x32\
\x30\x39\x31\x2c\x30\x2e\x37\x32\x30\x39\x31\x20\x2d\x34\x2e\x34\
\x36\x34\x32\x31\x2c\x31\x2e\x31\x31\x32\x37\x32\x20\x2d\x31\x30\
\x2e\x36\x33\x30\x38\x39\x2c\x31\x2e\x31\x31\x32\x37\x32\x20\x2d\
\x38\x2e\x34\x36\x31\x33\x33\x2c\x30\x20\x2d\x39\x2e\x36\x32\x34\
\x37\x36\x2c\x2d\x30\x2e\x31\x39\x39\x31\x35\x20\x2d\x31\x30\x2e\
\x34\x37\x38\x30\x37\x2c\x2d\x31\x2e\x37\x39\x33\x35\x37\x20\x7a\
\x20\x6d\x20\x32\x30\x2e\x31\x37\x32\x37\x37\x2c\x2d\x38\x2e\x37\
\x32\x39\x38\x33\x20\x63\x20\x30\x2e\x31\x37\x32\x33\x36\x2c\x2d\
\x35\x2e\x32\x35\x32\x33\x34\x20\x2d\x30\x2e\x31\x31\x38\x37\x38\
\x2c\x2d\x38\x2e\x36\x37\x32\x38\x20\x2d\x30\x2e\x38\x30\x38\x39\
\x38\x2c\x2d\x39\x2e\x35\x30\x34\x34\x34\x20\x2d\x31\x2e\x32\x39\
\x38\x32\x35\x2c\x2d\x31\x2e\x35\x36\x34\x32\x39\x20\x2d\x31\x33\
\x2e\x39\x30\x37\x32\x39\x2c\x2d\x31\x2e\x38\x32\x30\x38\x36\x20\
\x2d\x31\x36\x2e\x36\x37\x35\x35\x38\x2c\x2d\x30\x2e\x33\x33\x39\
\x33\x31\x20\x2d\x31\x2e\x35\x34\x30\x33\x39\x2c\x30\x2e\x38\x32\
\x34\x33\x39\x20\x2d\x31\x2e\x37\x39\x33\x35\x37\x2c\x31\x2e\x39\
\x39\x31\x37\x31\x20\x2d\x31\x2e\x37\x39\x33\x35\x37\x2c\x38\x2e\
\x32\x36\x39\x35\x32\x20\x30\x2c\x31\x30\x2e\x37\x34\x35\x34\x38\
\x20\x2d\x30\x2e\x33\x39\x33\x36\x37\x2c\x31\x30\x2e\x33\x35\x33\
\x32\x33\x20\x31\x30\x2e\x30\x37\x39\x36\x35\x2c\x31\x30\x2e\x30\
\x34\x33\x35\x32\x20\x6c\x20\x38\x2e\x39\x32\x39\x32\x33\x2c\x2d\
\x30\x2e\x32\x36\x34\x30\x35\x20\x7a\x20\x6d\x20\x2d\x31\x39\x2e\
\x35\x39\x38\x30\x35\x2c\x2d\x32\x32\x2e\x36\x39\x39\x32\x35\x20\
\x63\x20\x2d\x31\x2e\x31\x38\x31\x34\x38\x2c\x2d\x31\x2e\x33\x30\
\x35\x35\x32\x20\x2d\x31\x2e\x35\x33\x34\x36\x2c\x2d\x33\x2e\x35\
\x35\x39\x39\x34\x20\x2d\x31\x2e\x35\x33\x34\x36\x2c\x2d\x39\x2e\
\x37\x39\x37\x32\x31\x34\x20\x30\x2c\x2d\x31\x31\x2e\x37\x32\x31\
\x35\x34\x20\x2d\x30\x2e\x30\x33\x32\x32\x2c\x2d\x31\x31\x2e\x36\
\x38\x38\x36\x32\x20\x31\x31\x2e\x34\x33\x37\x39\x35\x2c\x2d\x31\
\x31\x2e\x36\x38\x38\x36\x32\x20\x36\x2e\x31\x36\x36\x36\x38\x2c\
\x30\x20\x39\x2e\x39\x30\x39\x39\x38\x2c\x30\x2e\x33\x39\x31\x38\
\x20\x31\x30\x2e\x36\x33\x30\x38\x39\x2c\x31\x2e\x31\x31\x32\x37\
\x31\x20\x31\x2e\x37\x37\x37\x32\x37\x2c\x31\x2e\x37\x37\x37\x32\
\x37\x20\x31\x2e\x34\x39\x33\x32\x36\x2c\x31\x38\x2e\x37\x37\x34\
\x30\x35\x34\x20\x2d\x30\x2e\x33\x34\x34\x34\x31\x2c\x32\x30\x2e\
\x36\x31\x31\x37\x32\x34\x20\x2d\x32\x2e\x32\x37\x30\x37\x39\x2c\
\x32\x2e\x32\x37\x30\x37\x39\x20\x2d\x31\x38\x2e\x30\x38\x38\x30\
\x32\x2c\x32\x2e\x30\x38\x33\x38\x37\x20\x2d\x32\x30\x2e\x31\x38\
\x39\x38\x33\x2c\x2d\x30\x2e\x32\x33\x38\x36\x20\x7a\x20\x6d\x20\
\x31\x38\x2e\x37\x38\x39\x30\x37\x2c\x2d\x31\x2e\x34\x35\x38\x20\
\x63\x20\x30\x2e\x36\x39\x30\x32\x2c\x2d\x30\x2e\x38\x33\x31\x36\
\x34\x20\x30\x2e\x39\x38\x31\x33\x34\x2c\x2d\x34\x2e\x32\x35\x32\
\x31\x20\x30\x2e\x38\x30\x38\x39\x38\x2c\x2d\x39\x2e\x35\x30\x34\
\x34\x33\x34\x20\x6c\x20\x2d\x30\x2e\x32\x36\x39\x32\x35\x2c\x2d\
\x38\x2e\x32\x30\x35\x32\x35\x20\x2d\x38\x2e\x37\x33\x31\x35\x2c\
\x2d\x30\x2e\x32\x36\x38\x36\x35\x20\x63\x20\x2d\x36\x2e\x33\x36\
\x30\x32\x35\x2c\x2d\x30\x2e\x31\x39\x35\x36\x39\x20\x2d\x38\x2e\
\x39\x33\x37\x35\x36\x2c\x30\x2e\x30\x35\x36\x31\x20\x2d\x39\x2e\
\x34\x39\x30\x32\x34\x2c\x30\x2e\x39\x32\x37\x32\x36\x20\x2d\x30\
\x2e\x34\x31\x37\x33\x31\x2c\x30\x2e\x36\x35\x37\x37\x36\x20\x2d\
\x30\x2e\x37\x36\x35\x31\x33\x2c\x34\x2e\x36\x31\x37\x36\x35\x20\
\x2d\x30\x2e\x37\x37\x32\x39\x34\x2c\x38\x2e\x37\x39\x39\x37\x36\
\x20\x2d\x30\x2e\x30\x31\x31\x37\x2c\x36\x2e\x32\x37\x33\x31\x33\
\x34\x20\x30\x2e\x32\x36\x39\x37\x38\x2c\x37\x2e\x37\x36\x39\x32\
\x34\x34\x20\x31\x2e\x36\x30\x38\x35\x31\x2c\x38\x2e\x35\x34\x38\
\x39\x38\x34\x20\x32\x2e\x35\x34\x39\x32\x31\x2c\x31\x2e\x34\x38\
\x34\x37\x37\x20\x31\x35\x2e\x35\x35\x37\x39\x31\x2c\x31\x2e\x32\
\x35\x34\x39\x32\x20\x31\x36\x2e\x38\x34\x36\x34\x34\x2c\x2d\x30\
\x2e\x32\x39\x37\x36\x37\x20\x7a\x22\x0a\x20\x20\x20\x20\x20\x20\
\x20\x69\x64\x3d\x22\x70\x61\x74\x68\x31\x35\x39\x36\x22\x20\x2f\
\x3e\x3c\x2f\x67\x3e\x3c\x2f\x73\x76\x67\x3e\x0a\
"

qt_resource_name = b"\
\x00\x02\
\x00\x00\x07\xb9\
\x00\x75\
\x00\x69\
\x00\x06\
\x06\x8a\x9c\xb3\
\x00\x61\
\x00\x73\x00\x73\x00\x65\x00\x74\x00\x73\
\x00\x0b\
\x00\x9c\x9b\x07\
\x00\x62\
\x00\x6f\x00\x6f\x00\x6b\x00\x69\x00\x6e\x00\x67\x00\x2e\x00\x70\x00\x6e\x00\x67\
\x00\x0b\
\x00\xa1\x4b\x07\
\x00\x64\
\x00\x72\x00\x61\x00\x77\x00\x69\x00\x6e\x00\x67\x00\x2e\x00\x73\x00\x76\x00\x67\
\x00\x10\
\x03\xe3\x31\x27\
\x00\x6e\
\x00\x6f\x00\x74\x00\x69\x00\x66\x00\x69\x00\x63\x00\x61\x00\x74\x00\x69\x00\x6f\x00\x6e\x00\x2e\x00\x73\x00\x76\x00\x67\
\x00\x10\
\x03\xe3\x3c\xa7\
\x00\x6e\
\x00\x6f\x00\x74\x00\x69\x00\x66\x00\x69\x00\x63\x00\x61\x00\x74\x00\x69\x00\x6f\x00\x6e\x00\x2e\x00\x70\x00\x6e\x00\x67\
\x00\x1a\
\x05\xc2\x07\x07\
\x00\x69\
\x00\x63\x00\x6f\x00\x6e\x00\x73\x00\x38\x00\x2d\x00\x6e\x00\x6f\x00\x74\x00\x69\x00\x66\x00\x69\x00\x63\x00\x61\x00\x74\x00\x69\
\x00\x6f\x00\x6e\x00\x2d\x00\x32\x00\x34\x00\x2e\x00\x70\x00\x6e\x00\x67\
\x00\x08\
\x06\x38\x57\x27\
\x00\x68\
\x00\x6f\x00\x6d\x00\x65\x00\x2e\x00\x73\x00\x76\x00\x67\
\x00\x0c\
\x07\x4a\x9a\xc7\
\x00\x70\
\x00\x72\x00\x6f\x00\x70\x00\x65\x00\x72\x00\x74\x00\x79\x00\x2e\x00\x70\x00\x6e\x00\x67\
\x00\x08\
\x07\x9e\x57\xc7\
\x00\x62\
\x00\x61\x00\x63\x00\x6b\x00\x2e\x00\x73\x00\x76\x00\x67\
\x00\x0a\
\x08\x94\x60\x47\
\x00\x73\
\x00\x65\x00\x61\x00\x72\x00\x63\x00\x68\x00\x2e\x00\x70\x00\x6e\x00\x67\
\x00\x0a\
\x08\x94\x6d\xc7\
\x00\x73\
\x00\x65\x00\x61\x00\x72\x00\x63\x00\x68\x00\x2e\x00\x73\x00\x76\x00\x67\
\x00\x0a\
\x09\xb2\x67\xc7\
\x00\x63\
\x00\x61\x00\x6e\x00\x63\x00\x65\x00\x6c\x00\x2e\x00\x70\x00\x6e\x00\x67\
\x00\x0a\
\x09\xb2\x6a\x47\
\x00\x63\
\x00\x61\x00\x6e\x00\x63\x00\x65\x00\x6c\x00\x2e\x00\x73\x00\x76\x00\x67\
\x00\x0c\
\x09\xca\x9e\xc7\
\x00\x62\
\x00\x6f\x00\x6f\x00\x6b\x00\x69\x00\x6e\x00\x67\x00\x73\x00\x2e\x00\x73\x00\x76\x00\x67\
\x00\x0d\
\x0a\xd2\x9c\x87\
\x00\x62\
\x00\x61\x00\x63\x00\x6b\x00\x2d\x00\x69\x00\x63\x00\x6f\x00\x6e\x00\x2e\x00\x73\x00\x76\x00\x67\
\x00\x0f\
\x0b\x73\xdb\xc7\
\x00\x73\
\x00\x65\x00\x61\x00\x72\x00\x63\x00\x68\x00\x2d\x00\x69\x00\x63\x00\x6f\x00\x6e\x00\x2e\x00\x73\x00\x76\x00\x67\
\x00\x0c\
\x0b\xdf\x2c\xc7\
\x00\x73\
\x00\x65\x00\x74\x00\x74\x00\x69\x00\x6e\x00\x67\x00\x73\x00\x2e\x00\x73\x00\x76\x00\x67\
\x00\x0a\
\x0c\x91\x6a\xa7\
\x00\x63\
\x00\x61\x00\x6d\x00\x65\x00\x72\x00\x61\x00\x2e\x00\x73\x00\x76\x00\x67\
\x00\x0b\
\x0c\x98\x6e\x07\
\x00\x61\
\x00\x63\x00\x63\x00\x6f\x00\x75\x00\x6e\x00\x74\x00\x2e\x00\x73\x00\x76\x00\x67\
\x00\x0e\
\x0d\x0b\xd4\x67\
\x00\x70\
\x00\x72\x00\x6f\x00\x70\x00\x65\x00\x72\x00\x74\x00\x69\x00\x65\x00\x73\x00\x2e\x00\x73\x00\x76\x00\x67\
"

qt_resource_struct_v1 = b"\
\x00\x00\x00\x00\x00\x02\x00\x00\x00\x01\x00\x00\x00\x01\
\x00\x00\x00\x00\x00\x02\x00\x00\x00\x01\x00\x00\x00\x02\
\x00\x00\x00\x0a\x00\x02\x00\x00\x00\x13\x00\x00\x00\x03\
\x00\x00\x00\x1c\x00\x00\x00\x00\x00\x01\x00\x00\x00\x00\
\x00\x00\x00\x38\x00\x00\x00\x00\x00\x01\x00\x00\x02\x70\
\x00\x00\x00\x54\x00\x00\x00\x00\x00\x01\x00\x00\x09\x15\
\x00\x00\x00\x7a\x00\x00\x00\x00\x00\x01\x00\x00\x13\xaf\
\x00\x00\x00\xa0\x00\x00\x00\x00\x00\x01\x00\x00\x16\x19\
\x00\x00\x00\xda\x00\x00\x00\x00\x00\x01\x00\x00\x17\x41\
\x00\x00\x00\xf0\x00\x00\x00\x00\x00\x01\x00\x00\x20\x4e\
\x00\x00\x01\x0e\x00\x00\x00\x00\x00\x01\x00\x00\x21\x3d\
\x00\x00\x01\x24\x00\x00\x00\x00\x00\x01\x00\x00\x26\x1b\
\x00\x00\x01\x3e\x00\x00\x00\x00\x00\x01\x00\x00\x27\xa3\
\x00\x00\x01\x58\x00\x00\x00\x00\x00\x01\x00\x00\x2f\xbd\
\x00\x00\x01\x72\x00\x00\x00\x00\x00\x01\x00\x00\x37\x99\
\x00\x00\x01\x8c\x00\x00\x00\x00\x00\x01\x00\x00\x3a\x51\
\x00\x00\x01\xaa\x00\x00\x00\x00\x00\x01\x00\x00\x45\x70\
\x00\x00\x01\xca\x00\x00\x00\x00\x00\x01\x00\x00\x4c\xfc\
\x00\x00\x01\xee\x00\x00\x00\x00\x00\x01\x00\x00\x53\x7f\
\x00\x00\x02\x0c\x00\x00\x00\x00\x00\x01\x00\x00\x61\xff\
\x00\x00\x02\x26\x00\x00\x00\x00\x00\x01\x00\x00\x63\x34\
\x00\x00\x02\x42\x00\x00\x00\x00\x00\x01\x00\x00\x6c\xe4\
"

qt_resource_struct_v2 = b"\
\x00\x00\x00\x00\x00\x02\x00\x00\x00\x01\x00\x00\x00\x01\
\x00\x00\x00\x00\x00\x00\x00\x00\
\x00\x00\x00\x00\x00\x02\x00\x00\x00\x01\x00\x00\x00\x02\
\x00\x00\x00\x00\x00\x00\x00\x00\
\x00\x00\x00\x0a\x00\x02\x00\x00\x00\x13\x00\x00\x00\x03\
\x00\x00\x00\x00\x00\x00\x00\x00\
\x00\x00\x00\x1c\x00\x00\x00\x00\x00\x01\x00\x00\x00\x00\
\x00\x00\x01\x9f\xa3\x0d\x74\x22\
\x00\x00\x00\x38\x00\x00\x00\x00\x00\x01\x00\x00\x02\x70\
\x00\x00\x01\x9f\xb2\x32\x9d\xad\
\x00\x00\x00\x54\x00\x00\x00\x00\x00\x01\x00\x00\x09\x15\
\x00\x00\x01\x9f\xa9\xe0\xe4\xbc\
\x00\x00\x00\x7a\x00\x00\x00\x00\x00\x01\x00\x00\x13\xaf\
\x00\x00\x01\x9f\xa3\x0d\x74\x24\
\x00\x00\x00\xa0\x00\x00\x00\x00\x00\x01\x00\x00\x16\x19\
\x00\x00\x01\x9f\xa3\x0d\x74\x23\
\x00\x00\x00\xda\x00\x00\x00\x00\x00\x01\x00\x00\x17\x41\
\x00\x00\x01\x9f\xb2\x32\x9d\xad\
\x00\x00\x00\xf0\x00\x00\x00\x00\x00\x01\x00\x00\x20\x4e\
\x00\x00\x01\x9f\xa3\x0d\x74\x25\
\x00\x00\x01\x0e\x00\x00\x00\x00\x00\x01\x00\x00\x21\x3d\
\x00\x00\x01\x9f\xb2\x32\x9d\xab\
\x00\x00\x01\x24\x00\x00\x00\x00\x00\x01\x00\x00\x26\x1b\
\x00\x00\x01\x9f\xa3\x0d\x74\x25\
\x00\x00\x01\x3e\x00\x00\x00\x00\x00\x01\x00\x00\x27\xa3\
\x00\x00\x01\x9f\xa9\xe0\xe4\xbd\
\x00\x00\x01\x58\x00\x00\x00\x00\x00\x01\x00\x00\x2f\xbd\
\x00\x00\x01\x9f\xb2\x32\x9d\xac\
\x00\x00\x01\x72\x00\x00\x00\x00\x00\x01\x00\x00\x37\x99\
\x00\x00\x01\x9f\xb2\x67\xbd\xa1\
\x00\x00\x01\x8c\x00\x00\x00\x00\x00\x01\x00\x00\x3a\x51\
\x00\x00\x01\x9f\xb2\x32\x9d\xac\
\x00\x00\x01\xaa\x00\x00\x00\x00\x00\x01\x00\x00\x45\x70\
\x00\x00\x01\x9f\xbd\x70\x79\xbe\
\x00\x00\x01\xca\x00\x00\x00\x00\x00\x01\x00\x00\x4c\xfc\
\x00\x00\x01\x9f\xa9\xe0\xe4\xbd\
\x00\x00\x01\xee\x00\x00\x00\x00\x00\x01\x00\x00\x53\x7f\
\x00\x00\x01\x9f\xb2\x32\x9d\xae\
\x00\x00\x02\x0c\x00\x00\x00\x00\x00\x01\x00\x00\x61\xff\
\x00\x00\x01\x9f\xa9\xe0\xe4\xbc\
\x00\x00\x02\x26\x00\x00\x00\x00\x00\x01\x00\x00\x63\x34\
\x00\x00\x01\x9f\xb2\x32\x9d\xab\
\x00\x00\x02\x42\x00\x00\x00\x00\x00\x01\x00\x00\x6c\xe4\
\x00\x00\x01\x9f\xb2\x32\x9d\xad\
"

qt_version = [int(v) for v in QtCore.qVersion().split('.')]
if qt_version < [5, 8, 0]:
    rcc_version = 1
    qt_resource_struct = qt_resource_struct_v1
else:
    rcc_version = 2
    qt_resource_struct = qt_resource_struct_v2

def qInitResources():
    QtCore.qRegisterResourceData(rcc_version, qt_resource_struct, qt_resource_name, qt_resource_data)

def qCleanupResources():
    QtCore.qUnregisterResourceData(rcc_version, qt_resource_struct, qt_resource_name, qt_resource_data)

qInitResources()
